tytuł;PISMO;WSKAŹNIK;G;P;W;WYNIK
100 Rad;STORAD;Druk i E-wydania;0;K;1;0,020719636
100 Rad;STORAD;Druk i E-wydania;0;K;2;0,059132371
100 Rad;STORAD;Druk i E-wydania;0;K;3;0,090750775
100 Rad;STORAD;Druk i E-wydania;0;K;4;0,221655758
100 Rad;STORAD;Druk i E-wydania;0;K;5;0,418018088
100 Rad;STORAD;Druk i E-wydania;0;M;1;0,012258282
100 Rad;STORAD;Druk i E-wydania;0;M;2;0,016230004
100 Rad;STORAD;Druk i E-wydania;0;M;3;0,041432798
100 Rad;STORAD;Druk i E-wydania;0;M;4;0,046178148
100 Rad;STORAD;Druk i E-wydania;0;M;5;0,07362414
100 Rad;STORAD;Druk i E-wydania;1;;;0,37
100 Rad;STORAD;Druk i E-wydania;2;;;0,71
100 Rad;STORAD;Druk i E-wydania;3;;;0,35
100 Rad;STORAD;Druk i E-wydania;4;;;0,17
100 Rad;STORAD;www;1;;;0,46
100 Rad;STORAD;www;2;;;0,78
100 Rad;STORAD;www;3;;;0,35
100 Rad;STORAD;www;4;;;0,26
Cała Ty;CALATY;Druk i E-wydania;0;K;1;0,040624648
Cała Ty;CALATY;Druk i E-wydania;0;K;2;0,146361216
Cała Ty;CALATY;Druk i E-wydania;0;K;3;0,161883694
Cała Ty;CALATY;Druk i E-wydania;0;K;4;0,266716659
Cała Ty;CALATY;Druk i E-wydania;0;K;5;0,236215365
Cała Ty;CALATY;Druk i E-wydania;0;M;1;0,051216677
Cała Ty;CALATY;Druk i E-wydania;0;M;2;0,024213565
Cała Ty;CALATY;Druk i E-wydania;0;M;3;0,006351468
Cała Ty;CALATY;Druk i E-wydania;0;M;4;0,051179183
Cała Ty;CALATY;Druk i E-wydania;0;M;5;0,015237524
Cała Ty;CALATY;Druk i E-wydania;1;;;0,41
Cała Ty;CALATY;Druk i E-wydania;2;;;0,58
Cała Ty;CALATY;Druk i E-wydania;3;;;0,2
Cała Ty;CALATY;Druk i E-wydania;4;;;0,28
Cała Ty;CALATY;www;1;;;0,46
Cała Ty;CALATY;www;2;;;0,78
Cała Ty;CALATY;www;3;;;0,35
Cała Ty;CALATY;www;4;;;0,26
Chwila dla Ciebie;CHWILA;Druk i E-wydania;0;K;1;0,02971634
Chwila dla Ciebie;CHWILA;Druk i E-wydania;0;K;2;0,082310433
Chwila dla Ciebie;CHWILA;Druk i E-wydania;0;K;3;0,191445493
Chwila dla Ciebie;CHWILA;Druk i E-wydania;0;K;4;0,207598018
Chwila dla Ciebie;CHWILA;Druk i E-wydania;0;K;5;0,27253037
Chwila dla Ciebie;CHWILA;Druk i E-wydania;0;M;1;0,024891828
Chwila dla Ciebie;CHWILA;Druk i E-wydania;0;M;2;0,023346159
Chwila dla Ciebie;CHWILA;Druk i E-wydania;0;M;3;0,038787876
Chwila dla Ciebie;CHWILA;Druk i E-wydania;0;M;4;0,067372769
Chwila dla Ciebie;CHWILA;Druk i E-wydania;0;M;5;0,062000714
Chwila dla Ciebie;CHWILA;Druk i E-wydania;1;;;0,37
Chwila dla Ciebie;CHWILA;Druk i E-wydania;2;;;0,67
Chwila dla Ciebie;CHWILA;Druk i E-wydania;3;;;0,28
Chwila dla Ciebie;CHWILA;Druk i E-wydania;4;;;0,28
Chwila dla Ciebie;CHWILA;www;1;;;0,46
Chwila dla Ciebie;CHWILA;www;2;;;0,78
Chwila dla Ciebie;CHWILA;www;3;;;0,35
Chwila dla Ciebie;CHWILA;www;4;;;0,26
Dobry Tydzień;DOBRTY;Druk i E-wydania;0;K;1;0,016176154
Dobry Tydzień;DOBRTY;Druk i E-wydania;0;K;2;0,055668548
Dobry Tydzień;DOBRTY;Druk i E-wydania;0;K;3;0,114900677
Dobry Tydzień;DOBRTY;Druk i E-wydania;0;K;4;0,092485026
Dobry Tydzień;DOBRTY;Druk i E-wydania;0;K;5;0,479501874
Dobry Tydzień;DOBRTY;Druk i E-wydania;0;M;1;0
Dobry Tydzień;DOBRTY;Druk i E-wydania;0;M;2;0,084733055
Dobry Tydzień;DOBRTY;Druk i E-wydania;0;M;3;0,090813117
Dobry Tydzień;DOBRTY;Druk i E-wydania;0;M;4;0,044559831
Dobry Tydzień;DOBRTY;Druk i E-wydania;0;M;5;0,021161718
Dobry Tydzień;DOBRTY;Druk i E-wydania;1;;;0,2
Dobry Tydzień;DOBRTY;Druk i E-wydania;2;;;0,56
Dobry Tydzień;DOBRTY;Druk i E-wydania;3;;;0,28
Dobry Tydzień;DOBRTY;Druk i E-wydania;4;;;0,21
Dobry Tydzień;DOBRTY;www;1;;;0,46
Dobry Tydzień;DOBRTY;www;2;;;0,78
Dobry Tydzień;DOBRTY;www;3;;;0,35
Dobry Tydzień;DOBRTY;www;4;;;0,26
Dziennik Bałtycki;DZBAL;Druk i E-wydania;0;K;1;0,054945921
Dziennik Bałtycki;DZBAL;Druk i E-wydania;0;K;2;0,100426557
Dziennik Bałtycki;DZBAL;Druk i E-wydania;0;K;3;0,078265861
Dziennik Bałtycki;DZBAL;Druk i E-wydania;0;K;4;0,170667747
Dziennik Bałtycki;DZBAL;Druk i E-wydania;0;K;5;0,124860722
Dziennik Bałtycki;DZBAL;Druk i E-wydania;0;M;1;0,095103038
Dziennik Bałtycki;DZBAL;Druk i E-wydania;0;M;2;0,002442291
Dziennik Bałtycki;DZBAL;Druk i E-wydania;0;M;3;0,127156701
Dziennik Bałtycki;DZBAL;Druk i E-wydania;0;M;4;0,145411982
Dziennik Bałtycki;DZBAL;Druk i E-wydania;0;M;5;0,100719182
Dziennik Bałtycki;DZBAL;Druk i E-wydania;1;;;0,42
Dziennik Bałtycki;DZBAL;Druk i E-wydania;2;;;0,75
Dziennik Bałtycki;DZBAL;Druk i E-wydania;3;;;0,23
Dziennik Bałtycki;DZBAL;Druk i E-wydania;4;;;0,35
Dziennik Bałtycki;;www;0;K;1;0,038008158
Dziennik Bałtycki;;www;0;K;2;0,069507934
Dziennik Bałtycki;;www;0;K;3;0,117995939
Dziennik Bałtycki;;www;0;K;4;0,176088915
Dziennik Bałtycki;;www;0;K;5;0,204251189
Dziennik Bałtycki;;www;0;M;1;0,025735329
Dziennik Bałtycki;;www;0;M;2;0,068414685
Dziennik Bałtycki;;www;0;M;3;0,099043975
Dziennik Bałtycki;;www;0;M;4;0,113279825
Dziennik Bałtycki;;www;0;M;5;0,08767405
Dziennik Bałtycki;DZBAL;www;1;;;0,44
Dziennik Bałtycki;DZBAL;www;2;;;0,76
Dziennik Bałtycki;DZBAL;www;3;;;0,28
Dziennik Bałtycki;DZBAL;www;4;;;0,31
Dziennik Gazeta Prawna;GPRAWN;Druk i E-wydania;0;K;1;0,039527914
Dziennik Gazeta Prawna;GPRAWN;Druk i E-wydania;0;K;2;0,074036299
Dziennik Gazeta Prawna;GPRAWN;Druk i E-wydania;0;K;3;0,097294259
Dziennik Gazeta Prawna;GPRAWN;Druk i E-wydania;0;K;4;0,132933952
Dziennik Gazeta Prawna;GPRAWN;Druk i E-wydania;0;K;5;0,109136446
Dziennik Gazeta Prawna;GPRAWN;Druk i E-wydania;0;M;1;0,013478234
Dziennik Gazeta Prawna;GPRAWN;Druk i E-wydania;0;M;2;0,127510634
Dziennik Gazeta Prawna;GPRAWN;Druk i E-wydania;0;M;3;0,114585872
Dziennik Gazeta Prawna;GPRAWN;Druk i E-wydania;0;M;4;0,164753305
Dziennik Gazeta Prawna;GPRAWN;Druk i E-wydania;0;M;5;0,126743085
Dziennik Gazeta Prawna;GPRAWN;Druk i E-wydania;1;;;0,56
Dziennik Gazeta Prawna;GPRAWN;Druk i E-wydania;2;;;0,9
Dziennik Gazeta Prawna;GPRAWN;Druk i E-wydania;3;;;0,5
Dziennik Gazeta Prawna;GPRAWN;Druk i E-wydania;4;;;0,28
Dziennik Gazeta Prawna;;www;0;K;1;0,050422845
Dziennik Gazeta Prawna;;www;0;K;2;0,089341544
Dziennik Gazeta Prawna;;www;0;K;3;0,12384781
Dziennik Gazeta Prawna;;www;0;K;4;0,176452862
Dziennik Gazeta Prawna;;www;0;K;5;0,142441895
Dziennik Gazeta Prawna;;www;0;M;1;0,040905884
Dziennik Gazeta Prawna;;www;0;M;2;0,087938711
Dziennik Gazeta Prawna;;www;0;M;3;0,110970324
Dziennik Gazeta Prawna;;www;0;M;4;0,09687106
Dziennik Gazeta Prawna;;www;0;M;5;0,080807064
Dziennik Gazeta Prawna;GPRAWN;www;1;;;0,51
Dziennik Gazeta Prawna;GPRAWN;www;2;;;0,85
Dziennik Gazeta Prawna;GPRAWN;www;3;;;0,43
Dziennik Gazeta Prawna;GPRAWN;www;4;;;0,27
Dziennik Łódzki;DLWD;Druk i E-wydania;0;K;1;0,026501565
Dziennik Łódzki;DLWD;Druk i E-wydania;0;K;2;0,082670099
Dziennik Łódzki;DLWD;Druk i E-wydania;0;K;3;0,050960552
Dziennik Łódzki;DLWD;Druk i E-wydania;0;K;4;0,06409322
Dziennik Łódzki;DLWD;Druk i E-wydania;0;K;5;0,105445335
Dziennik Łódzki;DLWD;Druk i E-wydania;0;M;1;0,169103359
Dziennik Łódzki;DLWD;Druk i E-wydania;0;M;2;0,037938817
Dziennik Łódzki;DLWD;Druk i E-wydania;0;M;3;0,11907293
Dziennik Łódzki;DLWD;Druk i E-wydania;0;M;4;0,134227978
Dziennik Łódzki;DLWD;Druk i E-wydania;0;M;5;0,209986145
Dziennik Łódzki;DLWD;Druk i E-wydania;1;;;0,47
Dziennik Łódzki;DLWD;Druk i E-wydania;2;;;0,93
Dziennik Łódzki;DLWD;Druk i E-wydania;3;;;0,4
Dziennik Łódzki;DLWD;Druk i E-wydania;4;;;0,19
Dziennik Łódzki;;www;0;K;1;0,0316208
Dziennik Łódzki;;www;0;K;2;0,063429998
Dziennik Łódzki;;www;0;K;3;0,116082849
Dziennik Łódzki;;www;0;K;4;0,189208799
Dziennik Łódzki;;www;0;K;5;0,200614855
Dziennik Łódzki;;www;0;M;1;0,025035627
Dziennik Łódzki;;www;0;M;2;0,062751898
Dziennik Łódzki;;www;0;M;3;0,105308212
Dziennik Łódzki;;www;0;M;4;0,115919614
Dziennik Łódzki;;www;0;M;5;0,090027348
Dziennik Łódzki;DLWD;www;1;;;0,47
Dziennik Łódzki;DLWD;www;2;;;0,89
Dziennik Łódzki;DLWD;www;3;;;0,39
Dziennik Łódzki;DLWD;www;4;;;0,21
Dziennik Polski;DZPOL;Druk i E-wydania;0;K;1;0,08999361
Dziennik Polski;DZPOL;Druk i E-wydania;0;K;2;0,025477481
Dziennik Polski;DZPOL;Druk i E-wydania;0;K;3;0,012212151
Dziennik Polski;DZPOL;Druk i E-wydania;0;K;4;0,047724422
Dziennik Polski;DZPOL;Druk i E-wydania;0;K;5;0,081615507
Dziennik Polski;DZPOL;Druk i E-wydania;0;M;1;0,189110832
Dziennik Polski;DZPOL;Druk i E-wydania;0;M;2;0
Dziennik Polski;DZPOL;Druk i E-wydania;0;M;3;0,195571912
Dziennik Polski;DZPOL;Druk i E-wydania;0;M;4;0,186590301
Dziennik Polski;DZPOL;Druk i E-wydania;0;M;5;0,171703784
Dziennik Polski;DZPOL;Druk i E-wydania;1;;;0,54
Dziennik Polski;DZPOL;Druk i E-wydania;2;;;0,66
Dziennik Polski;DZPOL;Druk i E-wydania;3;;;0,13
Dziennik Polski;DZPOL;Druk i E-wydania;4;;;0,26
Dziennik Polski;;www;0;K;1;0,032797529
Dziennik Polski;;www;0;K;2;0,061548416
Dziennik Polski;;www;0;K;3;0,120923367
Dziennik Polski;;www;0;K;4;0,193272858
Dziennik Polski;;www;0;K;5;0,225027489
Dziennik Polski;;www;0;M;1;0,024727663
Dziennik Polski;;www;0;M;2;0,050247496
Dziennik Polski;;www;0;M;3;0,086239981
Dziennik Polski;;www;0;M;4;0,110131018
Dziennik Polski;;www;0;M;5;0,095084182
Dziennik Polski;DZPOL;www;1;;;0,52
Dziennik Polski;DZPOL;www;2;;;0,69
Dziennik Polski;DZPOL;www;3;;;0,18
Dziennik Polski;DZPOL;www;4;;;0,26
Dziennik Zachodni;DZZACH;Druk i E-wydania;0;K;1;0
Dziennik Zachodni;DZZACH;Druk i E-wydania;0;K;2;0,065765839
Dziennik Zachodni;DZZACH;Druk i E-wydania;0;K;3;0,164694414
Dziennik Zachodni;DZZACH;Druk i E-wydania;0;K;4;0,124807062
Dziennik Zachodni;DZZACH;Druk i E-wydania;0;K;5;0,12282127
Dziennik Zachodni;DZZACH;Druk i E-wydania;0;M;1;0,029173098
Dziennik Zachodni;DZZACH;Druk i E-wydania;0;M;2;0,057001273
Dziennik Zachodni;DZZACH;Druk i E-wydania;0;M;3;0,143347144
Dziennik Zachodni;DZZACH;Druk i E-wydania;0;M;4;0,097222598
Dziennik Zachodni;DZZACH;Druk i E-wydania;0;M;5;0,195167303
Dziennik Zachodni;DZZACH;Druk i E-wydania;1;;;0,48
Dziennik Zachodni;DZZACH;Druk i E-wydania;2;;;0,84
Dziennik Zachodni;DZZACH;Druk i E-wydania;3;;;0,82
Dziennik Zachodni;DZZACH;Druk i E-wydania;4;;;0,21
Dziennik Zachodni;;www;0;K;1;0,03678452
Dziennik Zachodni;;www;0;K;2;0,068426692
Dziennik Zachodni;;www;0;K;3;0,117115245
Dziennik Zachodni;;www;0;K;4;0,172767537
Dziennik Zachodni;;www;0;K;5;0,164375614
Dziennik Zachodni;;www;0;M;1;0,032586487
Dziennik Zachodni;;www;0;M;2;0,074830903
Dziennik Zachodni;;www;0;M;3;0,12337017
Dziennik Zachodni;;www;0;M;4;0,120043721
Dziennik Zachodni;;www;0;M;5;0,089699111
Dziennik Zachodni;DZZACH;www;1;;;0,47
Dziennik Zachodni;DZZACH;www;2;;;0,81
Dziennik Zachodni;DZZACH;www;3;;;0,59
Dziennik Zachodni;DZZACH;www;4;;;0,24
Echo Dnia;ECHOD;Druk i E-wydania;0;K;1;0,026996417
Echo Dnia;ECHOD;Druk i E-wydania;0;K;2;0,124752021
Echo Dnia;ECHOD;Druk i E-wydania;0;K;3;0,053941018
Echo Dnia;ECHOD;Druk i E-wydania;0;K;4;0,033680751
Echo Dnia;ECHOD;Druk i E-wydania;0;K;5;0,192113523
Echo Dnia;ECHOD;Druk i E-wydania;0;M;1;0,062831256
Echo Dnia;ECHOD;Druk i E-wydania;0;M;2;0,124004382
Echo Dnia;ECHOD;Druk i E-wydania;0;M;3;0,070929441
Echo Dnia;ECHOD;Druk i E-wydania;0;M;4;0,184126373
Echo Dnia;ECHOD;Druk i E-wydania;0;M;5;0,126624819
Echo Dnia;ECHOD;Druk i E-wydania;1;;;0,43
Echo Dnia;ECHOD;Druk i E-wydania;2;;;0,77
Echo Dnia;ECHOD;Druk i E-wydania;3;;;0,12
Echo Dnia;ECHOD;Druk i E-wydania;4;;;0,18
Echo Dnia;;www;0;K;1;0,031842599
Echo Dnia;;www;0;K;2;0,06856501
Echo Dnia;;www;0;K;3;0,131395014
Echo Dnia;;www;0;K;4;0,168355072
Echo Dnia;;www;0;K;5;0,157086776
Echo Dnia;;www;0;M;1;0,032682222
Echo Dnia;;www;0;M;2;0,077859961
Echo Dnia;;www;0;M;3;0,129662029
Echo Dnia;;www;0;M;4;0,113195627
Echo Dnia;;www;0;M;5;0,089355691
Echo Dnia;ECHOD;www;1;;;0,45
Echo Dnia;ECHOD;www;2;;;0,77
Echo Dnia;ECHOD;www;3;;;0,24
Echo Dnia;ECHOD;www;4;;;0,22
Elle;ELLE;Druk i E-wydania;0;K;1;0,199557034
Elle;ELLE;Druk i E-wydania;0;K;2;0,166875863
Elle;ELLE;Druk i E-wydania;0;K;3;0,257235549
Elle;ELLE;Druk i E-wydania;0;K;4;0,17677784
Elle;ELLE;Druk i E-wydania;0;K;5;0,048792636
Elle;ELLE;Druk i E-wydania;0;M;1;0,028590214
Elle;ELLE;Druk i E-wydania;0;M;2;0,041696552
Elle;ELLE;Druk i E-wydania;0;M;3;0,019857082
Elle;ELLE;Druk i E-wydania;0;M;4;0,048679736
Elle;ELLE;Druk i E-wydania;0;M;5;0,011937493
Elle;ELLE;Druk i E-wydania;1;;;0,46
Elle;ELLE;Druk i E-wydania;2;;;0,81
Elle;ELLE;Druk i E-wydania;3;;;0,43
Elle;ELLE;Druk i E-wydania;4;;;0,37
Elle;;www;0;K;1;0,049590745
Elle;;www;0;K;2;0,116863816
Elle;;www;0;K;3;0,176809252
Elle;;www;0;K;4;0,238838031
Elle;;www;0;K;5;0,187779325
Elle;;www;0;M;1;0,026182358
Elle;;www;0;M;2;0,046070017
Elle;;www;0;M;3;0,065557201
Elle;;www;0;M;4;0,052123951
Elle;;www;0;M;5;0,040185303
Elle;ELLE;www;1;;;0,46
Elle;ELLE;www;2;;;0,79
Elle;ELLE;www;3;;;0,38
Elle;ELLE;www;4;;;0,3
Express Bydgoski;EXBYD;Druk i E-wydania;0;K;1;0
Express Bydgoski;EXBYD;Druk i E-wydania;0;K;2;0,067404643
Express Bydgoski;EXBYD;Druk i E-wydania;0;K;3;0,084574258
Express Bydgoski;EXBYD;Druk i E-wydania;0;K;4;0,200312175
Express Bydgoski;EXBYD;Druk i E-wydania;0;K;5;0,249452797
Express Bydgoski;EXBYD;Druk i E-wydania;0;M;1;0,024166637
Express Bydgoski;EXBYD;Druk i E-wydania;0;M;2;0,07515519
Express Bydgoski;EXBYD;Druk i E-wydania;0;M;3;0,107126198
Express Bydgoski;EXBYD;Druk i E-wydania;0;M;4;0,110050594
Express Bydgoski;EXBYD;Druk i E-wydania;0;M;5;0,081757508
Express Bydgoski;EXBYD;Druk i E-wydania;1;;;0,36
Express Bydgoski;EXBYD;Druk i E-wydania;2;;;0,78
Express Bydgoski;EXBYD;Druk i E-wydania;3;;;0,52
Express Bydgoski;EXBYD;Druk i E-wydania;4;;;0,21
Express Bydgoski;;www;0;K;1;0,032295563
Express Bydgoski;;www;0;K;2;0,060720708
Express Bydgoski;;www;0;K;3;0,113839489
Express Bydgoski;;www;0;K;4;0,194658272
Express Bydgoski;;www;0;K;5;0,232812175
Express Bydgoski;;www;0;M;1;0,021824254
Express Bydgoski;;www;0;M;2;0,048358106
Express Bydgoski;;www;0;M;3;0,091794849
Express Bydgoski;;www;0;M;4;0,105448326
Express Bydgoski;;www;0;M;5;0,098248258
Express Bydgoski;EXBYD;www;1;;;0,43
Express Bydgoski;EXBYD;www;2;;;0,78
Express Bydgoski;EXBYD;www;3;;;0,41
Express Bydgoski;EXBYD;www;4;;;0,24
Express Ilustrowany;EXIL;Druk i E-wydania;0;K;1;0,064531466
Express Ilustrowany;EXIL;Druk i E-wydania;0;K;2;0,088282641
Express Ilustrowany;EXIL;Druk i E-wydania;0;K;3;0,078838616
Express Ilustrowany;EXIL;Druk i E-wydania;0;K;4;0,121016387
Express Ilustrowany;EXIL;Druk i E-wydania;0;K;5;0,116484204
Express Ilustrowany;EXIL;Druk i E-wydania;0;M;1;0
Express Ilustrowany;EXIL;Druk i E-wydania;0;M;2;0,073547116
Express Ilustrowany;EXIL;Druk i E-wydania;0;M;3;0,065621729
Express Ilustrowany;EXIL;Druk i E-wydania;0;M;4;0,234581961
Express Ilustrowany;EXIL;Druk i E-wydania;0;M;5;0,15709588
Express Ilustrowany;EXIL;Druk i E-wydania;1;;;0,39
Express Ilustrowany;EXIL;Druk i E-wydania;2;;;0,79
Express Ilustrowany;EXIL;Druk i E-wydania;3;;;0,73
Express Ilustrowany;EXIL;Druk i E-wydania;4;;;0,28
Express Ilustrowany;;www;0;K;1;0,029182898
Express Ilustrowany;;www;0;K;2;0,059690601
Express Ilustrowany;;www;0;K;3;0,11424037
Express Ilustrowany;;www;0;K;4;0,173026343
Express Ilustrowany;;www;0;K;5;0,181891634
Express Ilustrowany;;www;0;M;1;0,028267502
Express Ilustrowany;;www;0;M;2;0,076257307
Express Ilustrowany;;www;0;M;3;0,133365476
Express Ilustrowany;;www;0;M;4;0,124722919
Express Ilustrowany;;www;0;M;5;0,07935495
Express Ilustrowany;EXIL;www;1;;;0,42
Express Ilustrowany;EXIL;www;2;;;0,79
Express Ilustrowany;EXIL;www;3;;;0,59
Express Ilustrowany;EXIL;www;4;;;0,27
Fakt Gazeta Codzienna;FAKT;Druk i E-wydania;0;K;1;0,051590615
Fakt Gazeta Codzienna;FAKT;Druk i E-wydania;0;K;2;0,063827472
Fakt Gazeta Codzienna;FAKT;Druk i E-wydania;0;K;3;0,093422078
Fakt Gazeta Codzienna;FAKT;Druk i E-wydania;0;K;4;0,130952612
Fakt Gazeta Codzienna;FAKT;Druk i E-wydania;0;K;5;0,156771902
Fakt Gazeta Codzienna;FAKT;Druk i E-wydania;0;M;1;0,02025186
Fakt Gazeta Codzienna;FAKT;Druk i E-wydania;0;M;2;0,075190114
Fakt Gazeta Codzienna;FAKT;Druk i E-wydania;0;M;3;0,087807727
Fakt Gazeta Codzienna;FAKT;Druk i E-wydania;0;M;4;0,126628094
Fakt Gazeta Codzienna;FAKT;Druk i E-wydania;0;M;5;0,193557526
Fakt Gazeta Codzienna;FAKT;Druk i E-wydania;1;;;0,36
Fakt Gazeta Codzienna;FAKT;Druk i E-wydania;2;;;0,75
Fakt Gazeta Codzienna;FAKT;Druk i E-wydania;3;;;0,27
Fakt Gazeta Codzienna;FAKT;Druk i E-wydania;4;;;0,25
Fakt Gazeta Codzienna;;www;0;K;1;0,052181324
Fakt Gazeta Codzienna;;www;0;K;2;0,091491881
Fakt Gazeta Codzienna;;www;0;K;3;0,126403187
Fakt Gazeta Codzienna;;www;0;K;4;0,167984468
Fakt Gazeta Codzienna;;www;0;K;5;0,146446006
Fakt Gazeta Codzienna;;www;0;M;1;0,042669749
Fakt Gazeta Codzienna;;www;0;M;2;0,0809587
Fakt Gazeta Codzienna;;www;0;M;3;0,10888801
Fakt Gazeta Codzienna;;www;0;M;4;0,098034103
Fakt Gazeta Codzienna;;www;0;M;5;0,084942571
Fakt Gazeta Codzienna;FAKT;www;1;;;0,43
Fakt Gazeta Codzienna;FAKT;www;2;;;0,77
Fakt Gazeta Codzienna;FAKT;www;3;;;0,33
Fakt Gazeta Codzienna;FAKT;www;4;;;0,25
Forbes. Profit;PROFIT;Druk i E-wydania;0;K;1;0,048748226
Forbes. Profit;PROFIT;Druk i E-wydania;0;K;2;0,099461257
Forbes. Profit;PROFIT;Druk i E-wydania;0;K;3;0,053504998
Forbes. Profit;PROFIT;Druk i E-wydania;0;K;4;0,107729856
Forbes. Profit;PROFIT;Druk i E-wydania;0;K;5;0,07127464
Forbes. Profit;PROFIT;Druk i E-wydania;0;M;1;0,021555529
Forbes. Profit;PROFIT;Druk i E-wydania;0;M;2;0,133067842
Forbes. Profit;PROFIT;Druk i E-wydania;0;M;3;0,214596998
Forbes. Profit;PROFIT;Druk i E-wydania;0;M;4;0,163943434
Forbes. Profit;PROFIT;Druk i E-wydania;0;M;5;0,08611722
Forbes. Profit;PROFIT;Druk i E-wydania;1;;;0,55
Forbes. Profit;PROFIT;Druk i E-wydania;2;;;0,9
Forbes. Profit;PROFIT;Druk i E-wydania;3;;;0,41
Forbes. Profit;PROFIT;Druk i E-wydania;4;;;0,3
Forbes. Profit;;www;0;K;1;0,025161093
Forbes. Profit;;www;0;K;2;0,052771687
Forbes. Profit;;www;0;K;3;0,088268278
Forbes. Profit;;www;0;K;4;0,113492597
Forbes. Profit;;www;0;K;5;0,113729233
Forbes. Profit;;www;0;M;1;0,035813344
Forbes. Profit;;www;0;M;2;0,103261346
Forbes. Profit;;www;0;M;3;0,168439861
Forbes. Profit;;www;0;M;4;0,17067563
Forbes. Profit;;www;0;M;5;0,128386931
Forbes. Profit;PROFIT;www;1;;;0,55
Forbes. Profit;PROFIT;www;2;;;0,9
Forbes. Profit;PROFIT;www;3;;;0,41
Forbes. Profit;PROFIT;www;4;;;0,3
Gazeta Krakowska;GKRAK;Druk i E-wydania;0;K;1;0,136521125
Gazeta Krakowska;GKRAK;Druk i E-wydania;0;K;2;0,06678713
Gazeta Krakowska;GKRAK;Druk i E-wydania;0;K;3;0,04685697
Gazeta Krakowska;GKRAK;Druk i E-wydania;0;K;4;0,176140637
Gazeta Krakowska;GKRAK;Druk i E-wydania;0;K;5;0,029349913
Gazeta Krakowska;GKRAK;Druk i E-wydania;0;M;1;0,002026764
Gazeta Krakowska;GKRAK;Druk i E-wydania;0;M;2;0,219633042
Gazeta Krakowska;GKRAK;Druk i E-wydania;0;M;3;0,151940463
Gazeta Krakowska;GKRAK;Druk i E-wydania;0;M;4;0,128157001
Gazeta Krakowska;GKRAK;Druk i E-wydania;0;M;5;0,042586956
Gazeta Krakowska;GKRAK;Druk i E-wydania;1;;;0,4
Gazeta Krakowska;GKRAK;Druk i E-wydania;2;;;0,83
Gazeta Krakowska;GKRAK;Druk i E-wydania;3;;;0,11
Gazeta Krakowska;GKRAK;Druk i E-wydania;4;;;0,22
Gazeta Krakowska;;www;0;K;1;0,045102207
Gazeta Krakowska;;www;0;K;2;0,069783766
Gazeta Krakowska;;www;0;K;3;0,120533218
Gazeta Krakowska;;www;0;K;4;0,173588497
Gazeta Krakowska;;www;0;K;5;0,152404882
Gazeta Krakowska;;www;0;M;1;0,034131207
Gazeta Krakowska;;www;0;M;2;0,073571127
Gazeta Krakowska;;www;0;M;3;0,122391686
Gazeta Krakowska;;www;0;M;4;0,11727842
Gazeta Krakowska;;www;0;M;5;0,09121499
Gazeta Krakowska;GKRAK;www;1;;;0,44
Gazeta Krakowska;GKRAK;www;2;;;0,8
Gazeta Krakowska;GKRAK;www;3;;;0,25
Gazeta Krakowska;GKRAK;www;4;;;0,24
Gazeta Lubuska;GLUBU;Druk i E-wydania;0;K;1;0
Gazeta Lubuska;GLUBU;Druk i E-wydania;0;K;2;0
Gazeta Lubuska;GLUBU;Druk i E-wydania;0;K;3;0,056521784
Gazeta Lubuska;GLUBU;Druk i E-wydania;0;K;4;0,18202849
Gazeta Lubuska;GLUBU;Druk i E-wydania;0;K;5;0,136979878
Gazeta Lubuska;GLUBU;Druk i E-wydania;0;M;1;0
Gazeta Lubuska;GLUBU;Druk i E-wydania;0;M;2;0,029386326
Gazeta Lubuska;GLUBU;Druk i E-wydania;0;M;3;0,263830851
Gazeta Lubuska;GLUBU;Druk i E-wydania;0;M;4;0,163000323
Gazeta Lubuska;GLUBU;Druk i E-wydania;0;M;5;0,168252347
Gazeta Lubuska;GLUBU;Druk i E-wydania;1;;;0,4
Gazeta Lubuska;GLUBU;Druk i E-wydania;2;;;0,7
Gazeta Lubuska;GLUBU;Druk i E-wydania;3;;;0,16
Gazeta Lubuska;GLUBU;Druk i E-wydania;4;;;0,17
Gazeta Lubuska;;www;0;K;1;0,028240824
Gazeta Lubuska;;www;0;K;2;0,053936824
Gazeta Lubuska;;www;0;K;3;0,099104699
Gazeta Lubuska;;www;0;K;4;0,175249881
Gazeta Lubuska;;www;0;K;5;0,214267221
Gazeta Lubuska;;www;0;M;1;0,030032597
Gazeta Lubuska;;www;0;M;2;0,068839192
Gazeta Lubuska;;www;0;M;3;0,110919914
Gazeta Lubuska;;www;0;M;4;0,127554973
Gazeta Lubuska;;www;0;M;5;0,091853874
Gazeta Lubuska;GLUBU;www;1;;;0,42
Gazeta Lubuska;GLUBU;www;2;;;0,73
Gazeta Lubuska;GLUBU;www;3;;;0,22
Gazeta Lubuska;GLUBU;www;4;;;0,2
Gazeta Pomorska;GPOMOR;Druk i E-wydania;0;K;1;0,099715501
Gazeta Pomorska;GPOMOR;Druk i E-wydania;0;K;2;0,050950701
Gazeta Pomorska;GPOMOR;Druk i E-wydania;0;K;3;0,174392439
Gazeta Pomorska;GPOMOR;Druk i E-wydania;0;K;4;0,195711887
Gazeta Pomorska;GPOMOR;Druk i E-wydania;0;K;5;0,077137792
Gazeta Pomorska;GPOMOR;Druk i E-wydania;0;M;1;0
Gazeta Pomorska;GPOMOR;Druk i E-wydania;0;M;2;0,117306055
Gazeta Pomorska;GPOMOR;Druk i E-wydania;0;M;3;0,106531798
Gazeta Pomorska;GPOMOR;Druk i E-wydania;0;M;4;0,077685912
Gazeta Pomorska;GPOMOR;Druk i E-wydania;0;M;5;0,100567915
Gazeta Pomorska;GPOMOR;Druk i E-wydania;1;;;0,51
Gazeta Pomorska;GPOMOR;Druk i E-wydania;2;;;0,77
Gazeta Pomorska;GPOMOR;Druk i E-wydania;3;;;0,23
Gazeta Pomorska;GPOMOR;Druk i E-wydania;4;;;0,35
Gazeta Pomorska;;www;0;K;1;0,035198071
Gazeta Pomorska;;www;0;K;2;0,06807494
Gazeta Pomorska;;www;0;K;3;0,122160989
Gazeta Pomorska;;www;0;K;4;0,200055361
Gazeta Pomorska;;www;0;K;5;0,195685566
Gazeta Pomorska;;www;0;M;1;0,023404038
Gazeta Pomorska;;www;0;M;2;0,058515683
Gazeta Pomorska;;www;0;M;3;0,09775939
Gazeta Pomorska;;www;0;M;4;0,105188907
Gazeta Pomorska;;www;0;M;5;0,093957053
Gazeta Pomorska;GPOMOR;www;1;;;0,47
Gazeta Pomorska;GPOMOR;www;2;;;0,78
Gazeta Pomorska;GPOMOR;www;3;;;0,32
Gazeta Pomorska;GPOMOR;www;4;;;0,28
Gazeta Wrocławska;SLPLGW;Druk i E-wydania;0;K;1;0,061119882
Gazeta Wrocławska;SLPLGW;Druk i E-wydania;0;K;2;0,052609523
Gazeta Wrocławska;SLPLGW;Druk i E-wydania;0;K;3;0,123123138
Gazeta Wrocławska;SLPLGW;Druk i E-wydania;0;K;4;0,086570817
Gazeta Wrocławska;SLPLGW;Druk i E-wydania;0;K;5;0,106375594
Gazeta Wrocławska;SLPLGW;Druk i E-wydania;0;M;1;0,05212097
Gazeta Wrocławska;SLPLGW;Druk i E-wydania;0;M;2;0,110230758
Gazeta Wrocławska;SLPLGW;Druk i E-wydania;0;M;3;0,141914815
Gazeta Wrocławska;SLPLGW;Druk i E-wydania;0;M;4;0,130564499
Gazeta Wrocławska;SLPLGW;Druk i E-wydania;0;M;5;0,135370004
Gazeta Wrocławska;SLPLGW;Druk i E-wydania;1;;;0,4
Gazeta Wrocławska;SLPLGW;Druk i E-wydania;2;;;0,84
Gazeta Wrocławska;SLPLGW;Druk i E-wydania;3;;;0,4
Gazeta Wrocławska;SLPLGW;Druk i E-wydania;4;;;0,09
Gazeta Wrocławska;;www;0;K;1;0,033948728
Gazeta Wrocławska;;www;0;K;2;0,072982183
Gazeta Wrocławska;;www;0;K;3;0,12333402
Gazeta Wrocławska;;www;0;K;4;0,173992066
Gazeta Wrocławska;;www;0;K;5;0,160757815
Gazeta Wrocławska;;www;0;M;1;0,033620529
Gazeta Wrocławska;;www;0;M;2;0,085416725
Gazeta Wrocławska;;www;0;M;3;0,118911174
Gazeta Wrocławska;;www;0;M;4;0,112127445
Gazeta Wrocławska;;www;0;M;5;0,084909314
Gazeta Wrocławska;SLPLGW;www;1;;;0,43
Gazeta Wrocławska;SLPLGW;www;2;;;0,8
Gazeta Wrocławska;SLPLGW;www;3;;;0,37
Gazeta Wrocławska;SLPLGW;www;4;;;0,18
Gazeta Współczesna;GWSP;Druk i E-wydania;0;K;1;0,044708452
Gazeta Współczesna;GWSP;Druk i E-wydania;0;K;2;0
Gazeta Współczesna;GWSP;Druk i E-wydania;0;K;3;0,125563222
Gazeta Współczesna;GWSP;Druk i E-wydania;0;K;4;0,036506049
Gazeta Współczesna;GWSP;Druk i E-wydania;0;K;5;0,080065537
Gazeta Współczesna;GWSP;Druk i E-wydania;0;M;1;0
Gazeta Współczesna;GWSP;Druk i E-wydania;0;M;2;0,110217494
Gazeta Współczesna;GWSP;Druk i E-wydania;0;M;3;0,383663181
Gazeta Współczesna;GWSP;Druk i E-wydania;0;M;4;0,153796964
Gazeta Współczesna;GWSP;Druk i E-wydania;0;M;5;0,065479102
Gazeta Współczesna;GWSP;Druk i E-wydania;1;;;0,3
Gazeta Współczesna;GWSP;Druk i E-wydania;2;;;0,91
Gazeta Współczesna;GWSP;Druk i E-wydania;3;;;0,34
Gazeta Współczesna;GWSP;Druk i E-wydania;4;;;0,23
Gazeta Współczesna;;www;0;K;1;0,027678406
Gazeta Współczesna;;www;0;K;2;0,045421074
Gazeta Współczesna;;www;0;K;3;0,117836743
Gazeta Współczesna;;www;0;K;4;0,221671559
Gazeta Współczesna;;www;0;K;5;0,176449838
Gazeta Współczesna;;www;0;M;1;0,02640274
Gazeta Współczesna;;www;0;M;2;0,076319135
Gazeta Współczesna;;www;0;M;3;0,124629294
Gazeta Współczesna;;www;0;M;4;0,107796536
Gazeta Współczesna;;www;0;M;5;0,075794674
Gazeta Współczesna;GWSP;www;1;;;0,3
Gazeta Współczesna;GWSP;www;2;;;0,91
Gazeta Współczesna;GWSP;www;3;;;0,34
Gazeta Współczesna;GWSP;www;4;;;0,23
Gazeta Wyborcza;GAZWYB;Druk i E-wydania;0;K;1;0,057784391
Gazeta Wyborcza;GAZWYB;Druk i E-wydania;0;K;2;0,050897249
Gazeta Wyborcza;GAZWYB;Druk i E-wydania;0;K;3;0,084974718
Gazeta Wyborcza;GAZWYB;Druk i E-wydania;0;K;4;0,110941549
Gazeta Wyborcza;GAZWYB;Druk i E-wydania;0;K;5;0,143770713
Gazeta Wyborcza;GAZWYB;Druk i E-wydania;0;M;1;0,008379942
Gazeta Wyborcza;GAZWYB;Druk i E-wydania;0;M;2;0,074044054
Gazeta Wyborcza;GAZWYB;Druk i E-wydania;0;M;3;0,133375356
Gazeta Wyborcza;GAZWYB;Druk i E-wydania;0;M;4;0,153688754
Gazeta Wyborcza;GAZWYB;Druk i E-wydania;0;M;5;0,182143274
Gazeta Wyborcza;GAZWYB;Druk i E-wydania;1;;;0,53
Gazeta Wyborcza;GAZWYB;Druk i E-wydania;2;;;0,85
Gazeta Wyborcza;GAZWYB;Druk i E-wydania;3;;;0,47
Gazeta Wyborcza;GAZWYB;Druk i E-wydania;4;;;0,23
Gazeta Wyborcza;;www;0;K;1;0,052942353
Gazeta Wyborcza;;www;0;K;2;0,086017211
Gazeta Wyborcza;;www;0;K;3;0,120892049
Gazeta Wyborcza;;www;0;K;4;0,16173729
Gazeta Wyborcza;;www;0;K;5;0,139430999
Gazeta Wyborcza;;www;0;M;1;0,043798135
Gazeta Wyborcza;;www;0;M;2;0,08502045
Gazeta Wyborcza;;www;0;M;3;0,119725985
Gazeta Wyborcza;;www;0;M;4;0,104202233
Gazeta Wyborcza;;www;0;M;5;0,086233293
Gazeta Wyborcza;GAZWYB;www;1;;;0,49
Gazeta Wyborcza;GAZWYB;www;2;;;0,81
Gazeta Wyborcza;GAZWYB;www;3;;;0,41
Gazeta Wyborcza;GAZWYB;www;4;;;0,24
Glamour;GLAMOU;Druk i E-wydania;0;K;1;0,181968863
Glamour;GLAMOU;Druk i E-wydania;0;K;2;0,237937617
Glamour;GLAMOU;Druk i E-wydania;0;K;3;0,265482098
Glamour;GLAMOU;Druk i E-wydania;0;K;4;0,151848401
Glamour;GLAMOU;Druk i E-wydania;0;K;5;0,04397875
Glamour;GLAMOU;Druk i E-wydania;0;M;1;0,00693042
Glamour;GLAMOU;Druk i E-wydania;0;M;2;0,03867238
Glamour;GLAMOU;Druk i E-wydania;0;M;3;0,027960146
Glamour;GLAMOU;Druk i E-wydania;0;M;4;0,044233013
Glamour;GLAMOU;Druk i E-wydania;0;M;5;0,000988312
Glamour;GLAMOU;Druk i E-wydania;1;;;0,53
Glamour;GLAMOU;Druk i E-wydania;2;;;0,64
Glamour;GLAMOU;Druk i E-wydania;3;;;0,4
Glamour;GLAMOU;Druk i E-wydania;4;;;0,31
Glamour;;www;0;K;1;0,062667057
Glamour;;www;0;K;2;0,130739232
Glamour;;www;0;K;3;0,188731898
Glamour;;www;0;K;4;0,232611938
Glamour;;www;0;K;5;0,149944964
Glamour;;www;0;M;1;0,032754796
Glamour;;www;0;M;2;0,053138391
Glamour;;www;0;M;3;0,067749238
Glamour;;www;0;M;4;0,048783265
Glamour;;www;0;M;5;0,032879221
Glamour;GLAMOU;www;1;;;0,52
Glamour;GLAMOU;www;2;;;0,66
Glamour;GLAMOU;www;3;;;0,39
Glamour;GLAMOU;www;4;;;0,3
Głos Wielkopolski;GLWIEL;Druk i E-wydania;0;K;1;0,088698453
Głos Wielkopolski;GLWIEL;Druk i E-wydania;0;K;2;0,047867935
Głos Wielkopolski;GLWIEL;Druk i E-wydania;0;K;3;0,182583365
Głos Wielkopolski;GLWIEL;Druk i E-wydania;0;K;4;0,088495885
Głos Wielkopolski;GLWIEL;Druk i E-wydania;0;K;5;0,045686243
Głos Wielkopolski;GLWIEL;Druk i E-wydania;0;M;1;0,029340503
Głos Wielkopolski;GLWIEL;Druk i E-wydania;0;M;2;0,15084379
Głos Wielkopolski;GLWIEL;Druk i E-wydania;0;M;3;0,10857553
Głos Wielkopolski;GLWIEL;Druk i E-wydania;0;M;4;0,149833747
Głos Wielkopolski;GLWIEL;Druk i E-wydania;0;M;5;0,108074549
Głos Wielkopolski;GLWIEL;Druk i E-wydania;1;;;0,5
Głos Wielkopolski;GLWIEL;Druk i E-wydania;2;;;0,79
Głos Wielkopolski;GLWIEL;Druk i E-wydania;3;;;0,29
Głos Wielkopolski;GLWIEL;Druk i E-wydania;4;;;0,35
Głos Wielkopolski;;www;0;K;1;0,033520425
Głos Wielkopolski;;www;0;K;2;0,069626056
Głos Wielkopolski;;www;0;K;3;0,127080293
Głos Wielkopolski;;www;0;K;4;0,185908746
Głos Wielkopolski;;www;0;K;5;0,18541734
Głos Wielkopolski;;www;0;M;1;0,027102926
Głos Wielkopolski;;www;0;M;2;0,065674136
Głos Wielkopolski;;www;0;M;3;0,110045305
Głos Wielkopolski;;www;0;M;4;0,106915288
Głos Wielkopolski;;www;0;M;5;0,088709486
Głos Wielkopolski;GLWIEL;www;1;;;0,48
Głos Wielkopolski;GLWIEL;www;2;;;0,78
Głos Wielkopolski;GLWIEL;www;3;;;0,32
Głos Wielkopolski;GLWIEL;www;4;;;0,3
Głos-Dziennik Pomorza;GLDZPM;Druk i E-wydania;0;K;1;0,028785409
Głos-Dziennik Pomorza;GLDZPM;Druk i E-wydania;0;K;2;0,081317177
Głos-Dziennik Pomorza;GLDZPM;Druk i E-wydania;0;K;3;0,118226016
Głos-Dziennik Pomorza;GLDZPM;Druk i E-wydania;0;K;4;0,13433169
Głos-Dziennik Pomorza;GLDZPM;Druk i E-wydania;0;K;5;0,176938736
Głos-Dziennik Pomorza;GLDZPM;Druk i E-wydania;0;M;1;0
Głos-Dziennik Pomorza;GLDZPM;Druk i E-wydania;0;M;2;0,086273675
Głos-Dziennik Pomorza;GLDZPM;Druk i E-wydania;0;M;3;0,102485308
Głos-Dziennik Pomorza;GLDZPM;Druk i E-wydania;0;M;4;0,095527374
Głos-Dziennik Pomorza;GLDZPM;Druk i E-wydania;0;M;5;0,176114615
Głos-Dziennik Pomorza;GLDZPM;Druk i E-wydania;1;;;0,61
Głos-Dziennik Pomorza;GLDZPM;Druk i E-wydania;2;;;0,9
Głos-Dziennik Pomorza;GLDZPM;Druk i E-wydania;3;;;0,27
Głos-Dziennik Pomorza;GLDZPM;Druk i E-wydania;4;;;0,31
Głos-Dziennik Pomorza;;www;0;K;1;0,033016776
Głos-Dziennik Pomorza;;www;0;K;2;0,081905804
Głos-Dziennik Pomorza;;www;0;K;3;0,12497004
Głos-Dziennik Pomorza;;www;0;K;4;0,186640522
Głos-Dziennik Pomorza;;www;0;K;5;0,181346556
Głos-Dziennik Pomorza;;www;0;M;1;0,025894781
Głos-Dziennik Pomorza;;www;0;M;2;0,064364999
Głos-Dziennik Pomorza;;www;0;M;3;0,103402246
Głos-Dziennik Pomorza;;www;0;M;4;0,110078777
Głos-Dziennik Pomorza;;www;0;M;5;0,0883795
Głos-Dziennik Pomorza;GLDZPM;www;1;;;0,49
Głos-Dziennik Pomorza;GLDZPM;www;2;;;0,8
Głos-Dziennik Pomorza;GLDZPM;www;3;;;0,34
Głos-Dziennik Pomorza;GLDZPM;www;4;;;0,27
Gość Niedzielny;GOSCN;Druk i E-wydania;0;K;1;0,048582813
Gość Niedzielny;GOSCN;Druk i E-wydania;0;K;2;0,035123317
Gość Niedzielny;GOSCN;Druk i E-wydania;0;K;3;0,04648797
Gość Niedzielny;GOSCN;Druk i E-wydania;0;K;4;0,148905758
Gość Niedzielny;GOSCN;Druk i E-wydania;0;K;5;0,273619723
Gość Niedzielny;GOSCN;Druk i E-wydania;0;M;1;0,020028574
Gość Niedzielny;GOSCN;Druk i E-wydania;0;M;2;0,052990342
Gość Niedzielny;GOSCN;Druk i E-wydania;0;M;3;0,057584409
Gość Niedzielny;GOSCN;Druk i E-wydania;0;M;4;0,139246439
Gość Niedzielny;GOSCN;Druk i E-wydania;0;M;5;0,177430656
Gość Niedzielny;GOSCN;Druk i E-wydania;1;;;0,38
Gość Niedzielny;GOSCN;Druk i E-wydania;2;;;0,74
Gość Niedzielny;GOSCN;Druk i E-wydania;3;;;0,26
Gość Niedzielny;GOSCN;Druk i E-wydania;4;;;0,18
Gość Niedzielny;;www;0;K;1;0,027246967
Gość Niedzielny;;www;0;K;2;0,048705544
Gość Niedzielny;;www;0;K;3;0,141525508
Gość Niedzielny;;www;0;K;4;0,182781084
Gość Niedzielny;;www;0;K;5;0,172872746
Gość Niedzielny;;www;0;M;1;0,035040933
Gość Niedzielny;;www;0;M;2;0,073871025
Gość Niedzielny;;www;0;M;3;0,112293338
Gość Niedzielny;;www;0;M;4;0,105681197
Gość Niedzielny;;www;0;M;5;0,099981659
Gość Niedzielny;GOSCN;www;1;;;0,38
Gość Niedzielny;GOSCN;www;2;;;0,74
Gość Niedzielny;GOSCN;www;3;;;0,26
Gość Niedzielny;GOSCN;www;4;;;0,18
Kobieta i Życie;KOBIZY;Druk i E-wydania;0;K;1;0,031095485
Kobieta i Życie;KOBIZY;Druk i E-wydania;0;K;2;0,099603856
Kobieta i Życie;KOBIZY;Druk i E-wydania;0;K;3;0,130325367
Kobieta i Życie;KOBIZY;Druk i E-wydania;0;K;4;0,261724993
Kobieta i Życie;KOBIZY;Druk i E-wydania;0;K;5;0,360975691
Kobieta i Życie;KOBIZY;Druk i E-wydania;0;M;1;0,010560287
Kobieta i Życie;KOBIZY;Druk i E-wydania;0;M;2;0,011762644
Kobieta i Życie;KOBIZY;Druk i E-wydania;0;M;3;0,011283005
Kobieta i Życie;KOBIZY;Druk i E-wydania;0;M;4;0,04706536
Kobieta i Życie;KOBIZY;Druk i E-wydania;0;M;5;0,035603311
Kobieta i Życie;KOBIZY;Druk i E-wydania;1;;;0,36
Kobieta i Życie;KOBIZY;Druk i E-wydania;2;;;0,7
Kobieta i Życie;KOBIZY;Druk i E-wydania;3;;;0,31
Kobieta i Życie;KOBIZY;Druk i E-wydania;4;;;0,25
Kobieta i Życie;;www;0;K;1;0,041472908
Kobieta i Życie;;www;0;K;2;0,094833546
Kobieta i Życie;;www;0;K;3;0,194429257
Kobieta i Życie;;www;0;K;4;0,277102606
Kobieta i Życie;;www;0;K;5;0,250704391
Kobieta i Życie;;www;0;M;1;0,010588436
Kobieta i Życie;;www;0;M;2;0,023159041
Kobieta i Życie;;www;0;M;3;0,045590384
Kobieta i Życie;;www;0;M;4;0,033960666
Kobieta i Życie;;www;0;M;5;0,028158766
Kobieta i Życie;KOBIZY;www;1;;;0,42
Kobieta i Życie;KOBIZY;www;2;;;0,74
Kobieta i Życie;KOBIZY;www;3;;;0,33
Kobieta i Życie;KOBIZY;www;4;;;0,26
Kurier Lubelski;KURLUB;Druk i E-wydania;0;K;1;0,030559179
Kurier Lubelski;KURLUB;Druk i E-wydania;0;K;2;0,147328978
Kurier Lubelski;KURLUB;Druk i E-wydania;0;K;3;0,042334773
Kurier Lubelski;KURLUB;Druk i E-wydania;0;K;4;0,155738248
Kurier Lubelski;KURLUB;Druk i E-wydania;0;K;5;0,082254023
Kurier Lubelski;KURLUB;Druk i E-wydania;0;M;1;0,062609601
Kurier Lubelski;KURLUB;Druk i E-wydania;0;M;2;0,048310493
Kurier Lubelski;KURLUB;Druk i E-wydania;0;M;3;0,220407612
Kurier Lubelski;KURLUB;Druk i E-wydania;0;M;4;0,136630367
Kurier Lubelski;KURLUB;Druk i E-wydania;0;M;5;0,073826726
Kurier Lubelski;KURLUB;Druk i E-wydania;1;;;0,46
Kurier Lubelski;KURLUB;Druk i E-wydania;2;;;0,81
Kurier Lubelski;KURLUB;Druk i E-wydania;3;;;0,11
Kurier Lubelski;KURLUB;Druk i E-wydania;4;;;0,25
Kurier Lubelski;;www;0;K;1;0,035649539
Kurier Lubelski;;www;0;K;2;0,068398913
Kurier Lubelski;;www;0;K;3;0,128782258
Kurier Lubelski;;www;0;K;4;0,199016961
Kurier Lubelski;;www;0;K;5;0,165881333
Kurier Lubelski;;www;0;M;1;0,02584271
Kurier Lubelski;;www;0;M;2;0,058343845
Kurier Lubelski;;www;0;M;3;0,116292197
Kurier Lubelski;;www;0;M;4;0,118318417
Kurier Lubelski;;www;0;M;5;0,083473827
Kurier Lubelski;KURLUB;www;1;;;0,46
Kurier Lubelski;KURLUB;www;2;;;0,81
Kurier Lubelski;KURLUB;www;3;;;0,11
Kurier Lubelski;KURLUB;www;4;;;0,25
Kurier Poranny;KURPOR;Druk i E-wydania;0;K;1;0,029903409
Kurier Poranny;KURPOR;Druk i E-wydania;0;K;2;0,131019245
Kurier Poranny;KURPOR;Druk i E-wydania;0;K;3;0,227430161
Kurier Poranny;KURPOR;Druk i E-wydania;0;K;4;0,084520423
Kurier Poranny;KURPOR;Druk i E-wydania;0;K;5;0,125591585
Kurier Poranny;KURPOR;Druk i E-wydania;0;M;1;0,031894718
Kurier Poranny;KURPOR;Druk i E-wydania;0;M;2;0
Kurier Poranny;KURPOR;Druk i E-wydania;0;M;3;0,176790649
Kurier Poranny;KURPOR;Druk i E-wydania;0;M;4;0,088325381
Kurier Poranny;KURPOR;Druk i E-wydania;0;M;5;0,104524429
Kurier Poranny;KURPOR;Druk i E-wydania;1;;;0,55
Kurier Poranny;KURPOR;Druk i E-wydania;2;;;0,64
Kurier Poranny;KURPOR;Druk i E-wydania;3;;;0,31
Kurier Poranny;KURPOR;Druk i E-wydania;4;;;0,54
Kurier Poranny;;www;0;K;1;0,031051378
Kurier Poranny;;www;0;K;2;0,059448254
Kurier Poranny;;www;0;K;3;0,123579617
Kurier Poranny;;www;0;K;4;0,18760339
Kurier Poranny;;www;0;K;5;0,147294107
Kurier Poranny;;www;0;M;1;0,031422138
Kurier Poranny;;www;0;M;2;0,077576287
Kurier Poranny;;www;0;M;3;0,138986658
Kurier Poranny;;www;0;M;4;0,118781084
Kurier Poranny;;www;0;M;5;0,084257087
Kurier Poranny;KURPOR;www;1;;;0,52
Kurier Poranny;KURPOR;www;2;;;0,68
Kurier Poranny;KURPOR;www;3;;;0,32
Kurier Poranny;KURPOR;www;4;;;0,46
Magazyn Telewizyjny Kurier TV;MAGKUR;Druk i E-wydania;0;K;1;0,036421267
Magazyn Telewizyjny Kurier TV;MAGKUR;Druk i E-wydania;0;K;2;0,090559457
Magazyn Telewizyjny Kurier TV;MAGKUR;Druk i E-wydania;0;K;3;0,129056918
Magazyn Telewizyjny Kurier TV;MAGKUR;Druk i E-wydania;0;K;4;0,155899355
Magazyn Telewizyjny Kurier TV;MAGKUR;Druk i E-wydania;0;K;5;0,159969953
Magazyn Telewizyjny Kurier TV;MAGKUR;Druk i E-wydania;0;M;1;0,005084951
Magazyn Telewizyjny Kurier TV;MAGKUR;Druk i E-wydania;0;M;2;0,070794169
Magazyn Telewizyjny Kurier TV;MAGKUR;Druk i E-wydania;0;M;3;0,068960957
Magazyn Telewizyjny Kurier TV;MAGKUR;Druk i E-wydania;0;M;4;0,164120972
Magazyn Telewizyjny Kurier TV;MAGKUR;Druk i E-wydania;0;M;5;0,119132001
Magazyn Telewizyjny Kurier TV;MAGKUR;Druk i E-wydania;1;;;0,43
Magazyn Telewizyjny Kurier TV;MAGKUR;Druk i E-wydania;2;;;0,8
Magazyn Telewizyjny Kurier TV;MAGKUR;Druk i E-wydania;3;;;0,26
Magazyn Telewizyjny Kurier TV;MAGKUR;Druk i E-wydania;4;;;0,29
Magazyn Telewizyjny Kurier TV;MAGKUR;www;1;;;0,46
Magazyn Telewizyjny Kurier TV;MAGKUR;www;2;;;0,78
Magazyn Telewizyjny Kurier TV;MAGKUR;www;3;;;0,35
Magazyn Telewizyjny Kurier TV;MAGKUR;www;4;;;0,26
Mam Ogród;MOGROD;Druk i E-wydania;0;K;1;0,017120787
Mam Ogród;MOGROD;Druk i E-wydania;0;K;2;0,051001519
Mam Ogród;MOGROD;Druk i E-wydania;0;K;3;0,126364038
Mam Ogród;MOGROD;Druk i E-wydania;0;K;4;0,25594421
Mam Ogród;MOGROD;Druk i E-wydania;0;K;5;0,200705449
Mam Ogród;MOGROD;Druk i E-wydania;0;M;1;0,004827562
Mam Ogród;MOGROD;Druk i E-wydania;0;M;2;0,041466374
Mam Ogród;MOGROD;Druk i E-wydania;0;M;3;0,074774663
Mam Ogród;MOGROD;Druk i E-wydania;0;M;4;0,104212445
Mam Ogród;MOGROD;Druk i E-wydania;0;M;5;0,123582954
Mam Ogród;MOGROD;Druk i E-wydania;1;;;0,48
Mam Ogród;MOGROD;Druk i E-wydania;2;;;0,81
Mam Ogród;MOGROD;Druk i E-wydania;3;;;0,26
Mam Ogród;MOGROD;Druk i E-wydania;4;;;0,28
Mam Ogród;MOGROD;www;1;;;0,46
Mam Ogród;MOGROD;www;2;;;0,78
Mam Ogród;MOGROD;www;3;;;0,35
Mam Ogród;MOGROD;www;4;;;0,26
Motor;MOTOR;Druk i E-wydania;0;K;1;0,026083317
Motor;MOTOR;Druk i E-wydania;0;K;2;0,028429529
Motor;MOTOR;Druk i E-wydania;0;K;3;0,0396634
Motor;MOTOR;Druk i E-wydania;0;K;4;0,028331305
Motor;MOTOR;Druk i E-wydania;0;K;5;0,028380417
Motor;MOTOR;Druk i E-wydania;0;M;1;0,012945636
Motor;MOTOR;Druk i E-wydania;0;M;2;0,135071226
Motor;MOTOR;Druk i E-wydania;0;M;3;0,233363858
Motor;MOTOR;Druk i E-wydania;0;M;4;0,278258769
Motor;MOTOR;Druk i E-wydania;0;M;5;0,189472543
Motor;MOTOR;Druk i E-wydania;1;;;0,52
Motor;MOTOR;Druk i E-wydania;2;;;0,86
Motor;MOTOR;Druk i E-wydania;3;;;0,34
Motor;MOTOR;Druk i E-wydania;4;;;0,24
Motor;MOTOR;www;1;;;0,52
Motor;MOTOR;www;2;;;0,86
Motor;MOTOR;www;3;;;0,34
Motor;MOTOR;www;4;;;0,24
Murator;MURATO;Druk i E-wydania;0;K;1;0,015243418
Murator;MURATO;Druk i E-wydania;0;K;2;0,071032802
Murator;MURATO;Druk i E-wydania;0;K;3;0,04552164
Murator;MURATO;Druk i E-wydania;0;K;4;0,070229188
Murator;MURATO;Druk i E-wydania;0;K;5;0,092984416
Murator;MURATO;Druk i E-wydania;0;M;1;0,010226348
Murator;MURATO;Druk i E-wydania;0;M;2;0,111997965
Murator;MURATO;Druk i E-wydania;0;M;3;0,178913641
Murator;MURATO;Druk i E-wydania;0;M;4;0,230758752
Murator;MURATO;Druk i E-wydania;0;M;5;0,17309183
Murator;MURATO;Druk i E-wydania;1;;;0,53
Murator;MURATO;Druk i E-wydania;2;;;0,87
Murator;MURATO;Druk i E-wydania;3;;;0,31
Murator;MURATO;Druk i E-wydania;4;;;0,34
Murator;;www;0;K;1;0,029110144
Murator;;www;0;K;2;0,076896375
Murator;;www;0;K;3;0,118686431
Murator;;www;0;K;4;0,177089675
Murator;;www;0;K;5;0,165204635
Murator;;www;0;M;1;0,031613321
Murator;;www;0;M;2;0,081420289
Murator;;www;0;M;3;0,121915066
Murator;;www;0;M;4;0,108026681
Murator;;www;0;M;5;0,090037383
Murator;MURATO;www;1;;;0,49
Murator;MURATO;www;2;;;0,81
Murator;MURATO;www;3;;;0,33
Murator;MURATO;www;4;;;0,29
Na Żywo;NAZYWO;Druk i E-wydania;0;K;1;0,036390604
Na Żywo;NAZYWO;Druk i E-wydania;0;K;2;0,059086754
Na Żywo;NAZYWO;Druk i E-wydania;0;K;3;0,140579297
Na Żywo;NAZYWO;Druk i E-wydania;0;K;4;0,240001417
Na Żywo;NAZYWO;Druk i E-wydania;0;K;5;0,29660181
Na Żywo;NAZYWO;Druk i E-wydania;0;M;1;0,019944849
Na Żywo;NAZYWO;Druk i E-wydania;0;M;2;0,02399044
Na Żywo;NAZYWO;Druk i E-wydania;0;M;3;0,057252896
Na Żywo;NAZYWO;Druk i E-wydania;0;M;4;0,082439909
Na Żywo;NAZYWO;Druk i E-wydania;0;M;5;0,043712023
Na Żywo;NAZYWO;Druk i E-wydania;1;;;0,38
Na Żywo;NAZYWO;Druk i E-wydania;2;;;0,68
Na Żywo;NAZYWO;Druk i E-wydania;3;;;0,34
Na Żywo;NAZYWO;Druk i E-wydania;4;;;0,27
Na Żywo;NAZYWO;www;1;;;0,46
Na Żywo;NAZYWO;www;2;;;0,78
Na Żywo;NAZYWO;www;3;;;0,35
Na Żywo;NAZYWO;www;4;;;0,26
Newsweek Polska;NEWSWE;Druk i E-wydania;0;K;1;0,042050517
Newsweek Polska;NEWSWE;Druk i E-wydania;0;K;2;0,057933046
Newsweek Polska;NEWSWE;Druk i E-wydania;0;K;3;0,110052517
Newsweek Polska;NEWSWE;Druk i E-wydania;0;K;4;0,108088194
Newsweek Polska;NEWSWE;Druk i E-wydania;0;K;5;0,135806349
Newsweek Polska;NEWSWE;Druk i E-wydania;0;M;1;0,008920954
Newsweek Polska;NEWSWE;Druk i E-wydania;0;M;2;0,082530515
Newsweek Polska;NEWSWE;Druk i E-wydania;0;M;3;0,138413304
Newsweek Polska;NEWSWE;Druk i E-wydania;0;M;4;0,177295314
Newsweek Polska;NEWSWE;Druk i E-wydania;0;M;5;0,138909289
Newsweek Polska;NEWSWE;Druk i E-wydania;1;;;0,58
Newsweek Polska;NEWSWE;Druk i E-wydania;2;;;0,88
Newsweek Polska;NEWSWE;Druk i E-wydania;3;;;0,49
Newsweek Polska;NEWSWE;Druk i E-wydania;4;;;0,25
Newsweek Polska;;www;0;K;1;0,036417849
Newsweek Polska;;www;0;K;2;0,067736328
Newsweek Polska;;www;0;K;3;0,116058076
Newsweek Polska;;www;0;K;4;0,170165958
Newsweek Polska;;www;0;K;5;0,169024543
Newsweek Polska;;www;0;M;1;0,029498683
Newsweek Polska;;www;0;M;2;0,07234577
Newsweek Polska;;www;0;M;3;0,11696331
Newsweek Polska;;www;0;M;4;0,123860604
Newsweek Polska;;www;0;M;5;0,097928878
Newsweek Polska;NEWSWE;www;1;;;0,57
Newsweek Polska;NEWSWE;www;2;;;0,87
Newsweek Polska;NEWSWE;www;3;;;0,47
Newsweek Polska;NEWSWE;www;4;;;0,25
Nostalgia;NOSTA2;Druk i E-wydania;0;K;1;0
Nostalgia;NOSTA2;Druk i E-wydania;0;K;2;0,048764235
Nostalgia;NOSTA2;Druk i E-wydania;0;K;3;0,152306214
Nostalgia;NOSTA2;Druk i E-wydania;0;K;4;0,228289492
Nostalgia;NOSTA2;Druk i E-wydania;0;K;5;0,29112642
Nostalgia;NOSTA2;Druk i E-wydania;0;M;1;0,030450905
Nostalgia;NOSTA2;Druk i E-wydania;0;M;2;0,015137988
Nostalgia;NOSTA2;Druk i E-wydania;0;M;3;0,08373368
Nostalgia;NOSTA2;Druk i E-wydania;0;M;4;0,091908657
Nostalgia;NOSTA2;Druk i E-wydania;0;M;5;0,058282409
Nostalgia;NOSTA2;Druk i E-wydania;1;;;0,28
Nostalgia;NOSTA2;Druk i E-wydania;2;;;0,58
Nostalgia;NOSTA2;Druk i E-wydania;3;;;0,26
Nostalgia;NOSTA2;Druk i E-wydania;4;;;0,15
Nostalgia;NOSTA2;www;1;;;0,46
Nostalgia;NOSTA2;www;2;;;0,78
Nostalgia;NOSTA2;www;3;;;0,35
Nostalgia;NOSTA2;www;4;;;0,26
Nowa Trybuna Opolska;TRYBOP;Druk i E-wydania;0;K;1;0,074127818
Nowa Trybuna Opolska;TRYBOP;Druk i E-wydania;0;K;2;0
Nowa Trybuna Opolska;TRYBOP;Druk i E-wydania;0;K;3;0,033628404
Nowa Trybuna Opolska;TRYBOP;Druk i E-wydania;0;K;4;0,087320814
Nowa Trybuna Opolska;TRYBOP;Druk i E-wydania;0;K;5;0,153532033
Nowa Trybuna Opolska;TRYBOP;Druk i E-wydania;0;M;1;0,03084797
Nowa Trybuna Opolska;TRYBOP;Druk i E-wydania;0;M;2;0,119790592
Nowa Trybuna Opolska;TRYBOP;Druk i E-wydania;0;M;3;0,183712819
Nowa Trybuna Opolska;TRYBOP;Druk i E-wydania;0;M;4;0,046500452
Nowa Trybuna Opolska;TRYBOP;Druk i E-wydania;0;M;5;0,270539098
Nowa Trybuna Opolska;TRYBOP;Druk i E-wydania;1;;;0,34
Nowa Trybuna Opolska;TRYBOP;Druk i E-wydania;2;;;0,75
Nowa Trybuna Opolska;TRYBOP;Druk i E-wydania;3;;;0,15
Nowa Trybuna Opolska;TRYBOP;Druk i E-wydania;4;;;0,38
Nowa Trybuna Opolska;;www;0;K;1;0,03444014
Nowa Trybuna Opolska;;www;0;K;2;0,063177271
Nowa Trybuna Opolska;;www;0;K;3;0,122843432
Nowa Trybuna Opolska;;www;0;K;4;0,197390598
Nowa Trybuna Opolska;;www;0;K;5;0,179510685
Nowa Trybuna Opolska;;www;0;M;1;0,024343817
Nowa Trybuna Opolska;;www;0;M;2;0,063145209
Nowa Trybuna Opolska;;www;0;M;3;0,116101282
Nowa Trybuna Opolska;;www;0;M;4;0,114166538
Nowa Trybuna Opolska;;www;0;M;5;0,084881027
Nowa Trybuna Opolska;TRYBOP;www;1;;;0,39
Nowa Trybuna Opolska;TRYBOP;www;2;;;0,76
Nowa Trybuna Opolska;TRYBOP;www;3;;;0,24
Nowa Trybuna Opolska;TRYBOP;www;4;;;0,33
Nowiny;NOWINY;Druk i E-wydania;0;K;1;0,061468584
Nowiny;NOWINY;Druk i E-wydania;0;K;2;0,096445785
Nowiny;NOWINY;Druk i E-wydania;0;K;3;0,09378608
Nowiny;NOWINY;Druk i E-wydania;0;K;4;0,116129283
Nowiny;NOWINY;Druk i E-wydania;0;K;5;0,076393116
Nowiny;NOWINY;Druk i E-wydania;0;M;1;0,048100636
Nowiny;NOWINY;Druk i E-wydania;0;M;2;0,122195425
Nowiny;NOWINY;Druk i E-wydania;0;M;3;0,112303334
Nowiny;NOWINY;Druk i E-wydania;0;M;4;0,094264323
Nowiny;NOWINY;Druk i E-wydania;0;M;5;0,178913433
Nowiny;NOWINY;Druk i E-wydania;1;;;0,3
Nowiny;NOWINY;Druk i E-wydania;2;;;0,6
Nowiny;NOWINY;Druk i E-wydania;3;;;0,17
Nowiny;NOWINY;Druk i E-wydania;4;;;0,28
Nowiny;;www;0;K;1;0,032006051
Nowiny;;www;0;K;2;0,071194474
Nowiny;;www;0;K;3;0,118327928
Nowiny;;www;0;K;4;0,16931195
Nowiny;;www;0;K;5;0,173393896
Nowiny;;www;0;M;1;0,032896363
Nowiny;;www;0;M;2;0,073736164
Nowiny;;www;0;M;3;0,118581242
Nowiny;;www;0;M;4;0,120522788
Nowiny;;www;0;M;5;0,090029143
Nowiny;NOWINY;www;1;;;0,35
Nowiny;NOWINY;www;2;;;0,66
Nowiny;NOWINY;www;3;;;0,23
Nowiny;NOWINY;www;4;;;0,27
Nowości - Dziennik Toruński;NOWTOR;Druk i E-wydania;0;K;1;0
Nowości - Dziennik Toruński;NOWTOR;Druk i E-wydania;0;K;2;0,070681697
Nowości - Dziennik Toruński;NOWTOR;Druk i E-wydania;0;K;3;0,318428737
Nowości - Dziennik Toruński;NOWTOR;Druk i E-wydania;0;K;4;0,175024335
Nowości - Dziennik Toruński;NOWTOR;Druk i E-wydania;0;K;5;0,050334411
Nowości - Dziennik Toruński;NOWTOR;Druk i E-wydania;0;M;1;0
Nowości - Dziennik Toruński;NOWTOR;Druk i E-wydania;0;M;2;0,031148931
Nowości - Dziennik Toruński;NOWTOR;Druk i E-wydania;0;M;3;0,072157503
Nowości - Dziennik Toruński;NOWTOR;Druk i E-wydania;0;M;4;0,180111156
Nowości - Dziennik Toruński;NOWTOR;Druk i E-wydania;0;M;5;0,102113229
Nowości - Dziennik Toruński;NOWTOR;Druk i E-wydania;1;;;0,5
Nowości - Dziennik Toruński;NOWTOR;Druk i E-wydania;2;;;0,69
Nowości - Dziennik Toruński;NOWTOR;Druk i E-wydania;3;;;0,44
Nowości - Dziennik Toruński;NOWTOR;Druk i E-wydania;4;;;0,31
Nowości - Dziennik Toruński;;www;0;K;1;0,023820897
Nowości - Dziennik Toruński;;www;0;K;2;0,045331407
Nowości - Dziennik Toruński;;www;0;K;3;0,081684953
Nowości - Dziennik Toruński;;www;0;K;4;0,187951355
Nowości - Dziennik Toruński;;www;0;K;5;0,270575587
Nowości - Dziennik Toruński;;www;0;M;1;0,019233673
Nowości - Dziennik Toruński;;www;0;M;2;0,048480066
Nowości - Dziennik Toruński;;www;0;M;3;0,093713508
Nowości - Dziennik Toruński;;www;0;M;4;0,124460113
Nowości - Dziennik Toruński;;www;0;M;5;0,104748441
Nowości - Dziennik Toruński;NOWTOR;www;1;;;0,48
Nowości - Dziennik Toruński;NOWTOR;www;2;;;0,74
Nowości - Dziennik Toruński;NOWTOR;www;3;;;0,39
Nowości - Dziennik Toruński;NOWTOR;www;4;;;0,28
Olivia;OLIWIA;Druk i E-wydania;0;K;1;0,087553702
Olivia;OLIWIA;Druk i E-wydania;0;K;2;0,188872254
Olivia;OLIWIA;Druk i E-wydania;0;K;3;0,259118417
Olivia;OLIWIA;Druk i E-wydania;0;K;4;0,227878039
Olivia;OLIWIA;Druk i E-wydania;0;K;5;0,124441853
Olivia;OLIWIA;Druk i E-wydania;0;M;1;0,009128912
Olivia;OLIWIA;Druk i E-wydania;0;M;2;0,019067079
Olivia;OLIWIA;Druk i E-wydania;0;M;3;0,015659808
Olivia;OLIWIA;Druk i E-wydania;0;M;4;0,0511754
Olivia;OLIWIA;Druk i E-wydania;0;M;5;0,017104536
Olivia;OLIWIA;Druk i E-wydania;1;;;0,59
Olivia;OLIWIA;Druk i E-wydania;2;;;0,84
Olivia;OLIWIA;Druk i E-wydania;3;;;0,51
Olivia;OLIWIA;Druk i E-wydania;4;;;0,26
Olivia;;www;0;K;1;0,041472908
Olivia;;www;0;K;2;0,094833546
Olivia;;www;0;K;3;0,194429257
Olivia;;www;0;K;4;0,277102606
Olivia;;www;0;K;5;0,250704391
Olivia;;www;0;M;1;0,010588436
Olivia;;www;0;M;2;0,023159041
Olivia;;www;0;M;3;0,045590384
Olivia;;www;0;M;4;0,033960666
Olivia;;www;0;M;5;0,028158766
Olivia;OLIWIA;www;1;;;0,51
Olivia;OLIWIA;www;2;;;0,8
Olivia;OLIWIA;www;3;;;0,41
Olivia;OLIWIA;www;4;;;0,26
Pani;PANI;Druk i E-wydania;0;K;1;0,018953694
Pani;PANI;Druk i E-wydania;0;K;2;0,134110138
Pani;PANI;Druk i E-wydania;0;K;3;0,223972996
Pani;PANI;Druk i E-wydania;0;K;4;0,310527726
Pani;PANI;Druk i E-wydania;0;K;5;0,228711363
Pani;PANI;Druk i E-wydania;0;M;1;0,008546502
Pani;PANI;Druk i E-wydania;0;M;2;0,000864337
Pani;PANI;Druk i E-wydania;0;M;3;0,026172227
Pani;PANI;Druk i E-wydania;0;M;4;0,029888592
Pani;PANI;Druk i E-wydania;0;M;5;0,018252425
Pani;PANI;Druk i E-wydania;1;;;0,49
Pani;PANI;Druk i E-wydania;2;;;0,82
Pani;PANI;Druk i E-wydania;3;;;0,47
Pani;PANI;Druk i E-wydania;4;;;0,26
Pani;PANI;www;1;;;0,49
Pani;PANI;www;2;;;0,82
Pani;PANI;www;3;;;0,47
Pani;PANI;www;4;;;0,26
Pani Domu;PANID2;Druk i E-wydania;0;K;1;0,032156685
Pani Domu;PANID2;Druk i E-wydania;0;K;2;0,075863479
Pani Domu;PANID2;Druk i E-wydania;0;K;3;0,145484672
Pani Domu;PANID2;Druk i E-wydania;0;K;4;0,250770798
Pani Domu;PANID2;Druk i E-wydania;0;K;5;0,37949659
Pani Domu;PANID2;Druk i E-wydania;0;M;1;0,003661091
Pani Domu;PANID2;Druk i E-wydania;0;M;2;0,014217485
Pani Domu;PANID2;Druk i E-wydania;0;M;3;0,022903137
Pani Domu;PANID2;Druk i E-wydania;0;M;4;0,054823962
Pani Domu;PANID2;Druk i E-wydania;0;M;5;0,020622099
Pani Domu;PANID2;Druk i E-wydania;1;;;0,33
Pani Domu;PANID2;Druk i E-wydania;2;;;0,66
Pani Domu;PANID2;Druk i E-wydania;3;;;0,3
Pani Domu;PANID2;Druk i E-wydania;4;;;0,22
Pani Domu;;www;0;K;1;0,041472908
Pani Domu;;www;0;K;2;0,094833546
Pani Domu;;www;0;K;3;0,194429257
Pani Domu;;www;0;K;4;0,277102606
Pani Domu;;www;0;K;5;0,250704391
Pani Domu;;www;0;M;1;0,010588436
Pani Domu;;www;0;M;2;0,023159041
Pani Domu;;www;0;M;3;0,045590384
Pani Domu;;www;0;M;4;0,033960666
Pani Domu;;www;0;M;5;0,028158766
Pani Domu;PANID2;www;1;;;0,41
Pani Domu;PANID2;www;2;;;0,73
Pani Domu;PANID2;www;3;;;0,33
Pani Domu;PANID2;www;4;;;0,24
Parkiet Gazeta Giełdy;GAZGIE;Druk i E-wydania;0;K;1;0,014665263
Parkiet Gazeta Giełdy;GAZGIE;Druk i E-wydania;0;K;2;0,048095334
Parkiet Gazeta Giełdy;GAZGIE;Druk i E-wydania;0;K;3;0,157765491
Parkiet Gazeta Giełdy;GAZGIE;Druk i E-wydania;0;K;4;0,036066168
Parkiet Gazeta Giełdy;GAZGIE;Druk i E-wydania;0;K;5;0,122765739
Parkiet Gazeta Giełdy;GAZGIE;Druk i E-wydania;0;M;1;0,019215721
Parkiet Gazeta Giełdy;GAZGIE;Druk i E-wydania;0;M;2;0,094846984
Parkiet Gazeta Giełdy;GAZGIE;Druk i E-wydania;0;M;3;0,15255072
Parkiet Gazeta Giełdy;GAZGIE;Druk i E-wydania;0;M;4;0,238077234
Parkiet Gazeta Giełdy;GAZGIE;Druk i E-wydania;0;M;5;0,115951345
Parkiet Gazeta Giełdy;GAZGIE;Druk i E-wydania;1;;;0,61
Parkiet Gazeta Giełdy;GAZGIE;Druk i E-wydania;2;;;0,83
Parkiet Gazeta Giełdy;GAZGIE;Druk i E-wydania;3;;;0,35
Parkiet Gazeta Giełdy;GAZGIE;Druk i E-wydania;4;;;0,31
Parkiet Gazeta Giełdy;;www;0;K;1;0,022114218
Parkiet Gazeta Giełdy;;www;0;K;2;0,044092023
Parkiet Gazeta Giełdy;;www;0;K;3;0,071002436
Parkiet Gazeta Giełdy;;www;0;K;4;0,095251621
Parkiet Gazeta Giełdy;;www;0;K;5;0,067922241
Parkiet Gazeta Giełdy;;www;0;M;1;0,033249723
Parkiet Gazeta Giełdy;;www;0;M;2;0,129131238
Parkiet Gazeta Giełdy;;www;0;M;3;0,209135937
Parkiet Gazeta Giełdy;;www;0;M;4;0,193736345
Parkiet Gazeta Giełdy;;www;0;M;5;0,134364218
Parkiet Gazeta Giełdy;GAZGIE;www;1;;;0,61
Parkiet Gazeta Giełdy;GAZGIE;www;2;;;0,83
Parkiet Gazeta Giełdy;GAZGIE;www;3;;;0,35
Parkiet Gazeta Giełdy;GAZGIE;www;4;;;0,31
Polityka;POLIT;Druk i E-wydania;0;K;1;0,023906424
Polityka;POLIT;Druk i E-wydania;0;K;2;0,0407439
Polityka;POLIT;Druk i E-wydania;0;K;3;0,06551051
Polityka;POLIT;Druk i E-wydania;0;K;4;0,116192936
Polityka;POLIT;Druk i E-wydania;0;K;5;0,128819704
Polityka;POLIT;Druk i E-wydania;0;M;1;0,007708976
Polityka;POLIT;Druk i E-wydania;0;M;2;0,071369573
Polityka;POLIT;Druk i E-wydania;0;M;3;0,132991913
Polityka;POLIT;Druk i E-wydania;0;M;4;0,182129506
Polityka;POLIT;Druk i E-wydania;0;M;5;0,230626557
Polityka;POLIT;Druk i E-wydania;1;;;0,56
Polityka;POLIT;Druk i E-wydania;2;;;0,89
Polityka;POLIT;Druk i E-wydania;3;;;0,51
Polityka;POLIT;Druk i E-wydania;4;;;0,19
Polityka;;www;0;K;1;0,035927583
Polityka;;www;0;K;2;0,080938395
Polityka;;www;0;K;3;0,129595923
Polityka;;www;0;K;4;0,162436364
Polityka;;www;0;K;5;0,139316589
Polityka;;www;0;M;1;0,033254689
Polityka;;www;0;M;2;0,079359519
Polityka;;www;0;M;3;0,122546725
Polityka;;www;0;M;4;0,120497379
Polityka;;www;0;M;5;0,096126835
Polityka;POLIT;www;1;;;0,56
Polityka;POLIT;www;2;;;0,89
Polityka;POLIT;www;3;;;0,51
Polityka;POLIT;www;4;;;0,19
Polska Metropolia Warszawska;POWAWA;Druk i E-wydania;0;K;1;0,036628909
Polska Metropolia Warszawska;POWAWA;Druk i E-wydania;0;K;2;0,105123418
Polska Metropolia Warszawska;POWAWA;Druk i E-wydania;0;K;3;0,132821418
Polska Metropolia Warszawska;POWAWA;Druk i E-wydania;0;K;4;0,19420847
Polska Metropolia Warszawska;POWAWA;Druk i E-wydania;0;K;5;0,082109638
Polska Metropolia Warszawska;POWAWA;Druk i E-wydania;0;M;1;0
Polska Metropolia Warszawska;POWAWA;Druk i E-wydania;0;M;2;0,079139569
Polska Metropolia Warszawska;POWAWA;Druk i E-wydania;0;M;3;0,084723297
Polska Metropolia Warszawska;POWAWA;Druk i E-wydania;0;M;4;0,102424899
Polska Metropolia Warszawska;POWAWA;Druk i E-wydania;0;M;5;0,182820383
Polska Metropolia Warszawska;POWAWA;Druk i E-wydania;1;;;0,53
Polska Metropolia Warszawska;POWAWA;Druk i E-wydania;2;;;0,87
Polska Metropolia Warszawska;POWAWA;Druk i E-wydania;3;;;0,41
Polska Metropolia Warszawska;POWAWA;Druk i E-wydania;4;;;0,33
Polska Metropolia Warszawska;;www;0;K;1;0
Polska Metropolia Warszawska;;www;0;K;2;0,5
Polska Metropolia Warszawska;;www;0;K;3;0,25
Polska Metropolia Warszawska;;www;0;K;4;0,125
Polska Metropolia Warszawska;;www;0;K;5;0,0625
Polska Metropolia Warszawska;;www;0;M;1;0
Polska Metropolia Warszawska;;www;0;M;2;0
Polska Metropolia Warszawska;;www;0;M;3;0,0625
Polska Metropolia Warszawska;;www;0;M;4;0
Polska Metropolia Warszawska;;www;0;M;5;0
Polska Metropolia Warszawska;POWAWA;www;1;;;0,46
Polska Metropolia Warszawska;POWAWA;www;2;;;0,78
Polska Metropolia Warszawska;POWAWA;www;3;;;0,35
Polska Metropolia Warszawska;POWAWA;www;4;;;0,26
Poradnik 50+;POR50P;Druk i E-wydania;0;K;1;0,033239915
Poradnik 50+;POR50P;Druk i E-wydania;0;K;2;0,023913893
Poradnik 50+;POR50P;Druk i E-wydania;0;K;3;0,091066508
Poradnik 50+;POR50P;Druk i E-wydania;0;K;4;0,162497573
Poradnik 50+;POR50P;Druk i E-wydania;0;K;5;0,515648323
Poradnik 50+;POR50P;Druk i E-wydania;0;M;1;0,001203264
Poradnik 50+;POR50P;Druk i E-wydania;0;M;2;0,00325977
Poradnik 50+;POR50P;Druk i E-wydania;0;M;3;0,037928236
Poradnik 50+;POR50P;Druk i E-wydania;0;M;4;0,063438615
Poradnik 50+;POR50P;Druk i E-wydania;0;M;5;0,067803902
Poradnik 50+;POR50P;Druk i E-wydania;1;;;0,32
Poradnik 50+;POR50P;Druk i E-wydania;2;;;0,74
Poradnik 50+;POR50P;Druk i E-wydania;3;;;0,37
Poradnik 50+;POR50P;Druk i E-wydania;4;;;0,15
Poradnik 50+;;www;0;K;1;0,041472908
Poradnik 50+;;www;0;K;2;0,094833546
Poradnik 50+;;www;0;K;3;0,194429257
Poradnik 50+;;www;0;K;4;0,277102606
Poradnik 50+;;www;0;K;5;0,250704391
Poradnik 50+;;www;0;M;1;0,010588436
Poradnik 50+;;www;0;M;2;0,023159041
Poradnik 50+;;www;0;M;3;0,045590384
Poradnik 50+;;www;0;M;4;0,033960666
Poradnik 50+;;www;0;M;5;0,028158766
Poradnik 50+;POR50P;www;1;;;0,39
Poradnik 50+;POR50P;www;2;;;0,76
Poradnik 50+;POR50P;www;3;;;0,36
Poradnik 50+;POR50P;www;4;;;0,2
Poradnik Domowy;PORDOM;Druk i E-wydania;0;K;1;0,015220288
Poradnik Domowy;PORDOM;Druk i E-wydania;0;K;2;0,097641894
Poradnik Domowy;PORDOM;Druk i E-wydania;0;K;3;0,16966636
Poradnik Domowy;PORDOM;Druk i E-wydania;0;K;4;0,207578848
Poradnik Domowy;PORDOM;Druk i E-wydania;0;K;5;0,361640135
Poradnik Domowy;PORDOM;Druk i E-wydania;0;M;1;0
Poradnik Domowy;PORDOM;Druk i E-wydania;0;M;2;0,01438397
Poradnik Domowy;PORDOM;Druk i E-wydania;0;M;3;0,022542375
Poradnik Domowy;PORDOM;Druk i E-wydania;0;M;4;0,070709037
Poradnik Domowy;PORDOM;Druk i E-wydania;0;M;5;0,040617093
Poradnik Domowy;PORDOM;Druk i E-wydania;1;;;0,42
Poradnik Domowy;PORDOM;Druk i E-wydania;2;;;0,68
Poradnik Domowy;PORDOM;Druk i E-wydania;3;;;0,33
Poradnik Domowy;PORDOM;Druk i E-wydania;4;;;0,18
Poradnik Domowy;;www;0;K;1;0,041472908
Poradnik Domowy;;www;0;K;2;0,094833546
Poradnik Domowy;;www;0;K;3;0,194429257
Poradnik Domowy;;www;0;K;4;0,277102606
Poradnik Domowy;;www;0;K;5;0,250704391
Poradnik Domowy;;www;0;M;1;0,010588436
Poradnik Domowy;;www;0;M;2;0,023159041
Poradnik Domowy;;www;0;M;3;0,045590384
Poradnik Domowy;;www;0;M;4;0,033960666
Poradnik Domowy;;www;0;M;5;0,028158766
Poradnik Domowy;PORDOM;www;1;;;0,44
Poradnik Domowy;PORDOM;www;2;;;0,73
Poradnik Domowy;PORDOM;www;3;;;0,34
Poradnik Domowy;PORDOM;www;4;;;0,22
Przyjaciółka;PRZYJ2;Druk i E-wydania;0;K;1;0,037700082
Przyjaciółka;PRZYJ2;Druk i E-wydania;0;K;2;0,091926571
Przyjaciółka;PRZYJ2;Druk i E-wydania;0;K;3;0,140212156
Przyjaciółka;PRZYJ2;Druk i E-wydania;0;K;4;0,233011932
Przyjaciółka;PRZYJ2;Druk i E-wydania;0;K;5;0,322661283
Przyjaciółka;PRZYJ2;Druk i E-wydania;0;M;1;0,00330542
Przyjaciółka;PRZYJ2;Druk i E-wydania;0;M;2;0,032056337
Przyjaciółka;PRZYJ2;Druk i E-wydania;0;M;3;0,020826235
Przyjaciółka;PRZYJ2;Druk i E-wydania;0;M;4;0,063553497
Przyjaciółka;PRZYJ2;Druk i E-wydania;0;M;5;0,054746488
Przyjaciółka;PRZYJ2;Druk i E-wydania;1;;;0,42
Przyjaciółka;PRZYJ2;Druk i E-wydania;2;;;0,72
Przyjaciółka;PRZYJ2;Druk i E-wydania;3;;;0,32
Przyjaciółka;PRZYJ2;Druk i E-wydania;4;;;0,26
Przyjaciółka;;www;0;K;1;0,041472908
Przyjaciółka;;www;0;K;2;0,094833546
Przyjaciółka;;www;0;K;3;0,194429257
Przyjaciółka;;www;0;K;4;0,277102606
Przyjaciółka;;www;0;K;5;0,250704391
Przyjaciółka;;www;0;M;1;0,010588436
Przyjaciółka;;www;0;M;2;0,023159041
Przyjaciółka;;www;0;M;3;0,045590384
Przyjaciółka;;www;0;M;4;0,033960666
Przyjaciółka;;www;0;M;5;0,028158766
Przyjaciółka;PRZYJ2;www;1;;;0,45
Przyjaciółka;PRZYJ2;www;2;;;0,76
Przyjaciółka;PRZYJ2;www;3;;;0,34
Przyjaciółka;PRZYJ2;www;4;;;0,26
Puls Biznesu;PULBIZ;Druk i E-wydania;0;K;1;0,0593044
Puls Biznesu;PULBIZ;Druk i E-wydania;0;K;2;0,061409973
Puls Biznesu;PULBIZ;Druk i E-wydania;0;K;3;0,107437651
Puls Biznesu;PULBIZ;Druk i E-wydania;0;K;4;0,080401814
Puls Biznesu;PULBIZ;Druk i E-wydania;0;K;5;0,06458561
Puls Biznesu;PULBIZ;Druk i E-wydania;0;M;1;0,011196846
Puls Biznesu;PULBIZ;Druk i E-wydania;0;M;2;0,134483024
Puls Biznesu;PULBIZ;Druk i E-wydania;0;M;3;0,158929715
Puls Biznesu;PULBIZ;Druk i E-wydania;0;M;4;0,247838043
Puls Biznesu;PULBIZ;Druk i E-wydania;0;M;5;0,074412923
Puls Biznesu;PULBIZ;Druk i E-wydania;1;;;0,54
Puls Biznesu;PULBIZ;Druk i E-wydania;2;;;0,73
Puls Biznesu;PULBIZ;Druk i E-wydania;3;;;0,35
Puls Biznesu;PULBIZ;Druk i E-wydania;4;;;0,33
Puls Biznesu;;www;0;K;1;0,019351518
Puls Biznesu;;www;0;K;2;0,052357266
Puls Biznesu;;www;0;K;3;0,068355741
Puls Biznesu;;www;0;K;4;0,11043235
Puls Biznesu;;www;0;K;5;0,123540677
Puls Biznesu;;www;0;M;1;0,031840393
Puls Biznesu;;www;0;M;2;0,118721192
Puls Biznesu;;www;0;M;3;0,185885112
Puls Biznesu;;www;0;M;4;0,167909366
Puls Biznesu;;www;0;M;5;0,121606385
Puls Biznesu;PULBIZ;www;1;;;0,46
Puls Biznesu;PULBIZ;www;2;;;0,78
Puls Biznesu;PULBIZ;www;3;;;0,35
Puls Biznesu;PULBIZ;www;4;;;0,26
Retro;ZYGORR;Druk i E-wydania;0;K;1;0,043175023
Retro;ZYGORR;Druk i E-wydania;0;K;2;0,034698368
Retro;ZYGORR;Druk i E-wydania;0;K;3;0,074445779
Retro;ZYGORR;Druk i E-wydania;0;K;4;0,119236423
Retro;ZYGORR;Druk i E-wydania;0;K;5;0,320529954
Retro;ZYGORR;Druk i E-wydania;0;M;1;0,03613294
Retro;ZYGORR;Druk i E-wydania;0;M;2;0,012427966
Retro;ZYGORR;Druk i E-wydania;0;M;3;0,121194452
Retro;ZYGORR;Druk i E-wydania;0;M;4;0,153795346
Retro;ZYGORR;Druk i E-wydania;0;M;5;0,084363749
Retro;ZYGORR;Druk i E-wydania;1;;;0,3
Retro;ZYGORR;Druk i E-wydania;2;;;0,66
Retro;ZYGORR;Druk i E-wydania;3;;;0,27
Retro;ZYGORR;Druk i E-wydania;4;;;0,1
Retro;ZYGORR;www;1;;;0,46
Retro;ZYGORR;www;2;;;0,78
Retro;ZYGORR;www;3;;;0,35
Retro;ZYGORR;www;4;;;0,26
Rewia;REWIA;Druk i E-wydania;0;K;1;0,030254013
Rewia;REWIA;Druk i E-wydania;0;K;2;0,08821159
Rewia;REWIA;Druk i E-wydania;0;K;3;0,302072817
Rewia;REWIA;Druk i E-wydania;0;K;4;0,147313015
Rewia;REWIA;Druk i E-wydania;0;K;5;0,296139881
Rewia;REWIA;Druk i E-wydania;0;M;1;0,022510676
Rewia;REWIA;Druk i E-wydania;0;M;2;0,013315085
Rewia;REWIA;Druk i E-wydania;0;M;3;0,02184368
Rewia;REWIA;Druk i E-wydania;0;M;4;0,037761228
Rewia;REWIA;Druk i E-wydania;0;M;5;0,040578012
Rewia;REWIA;Druk i E-wydania;1;;;0,42
Rewia;REWIA;Druk i E-wydania;2;;;0,73
Rewia;REWIA;Druk i E-wydania;3;;;0,35
Rewia;REWIA;Druk i E-wydania;4;;;0,2
Rewia;REWIA;www;1;;;0,46
Rewia;REWIA;www;2;;;0,78
Rewia;REWIA;www;3;;;0,35
Rewia;REWIA;www;4;;;0,26
Rzeczpospolita;RZECZP;Druk i E-wydania;0;K;1;0,021656251
Rzeczpospolita;RZECZP;Druk i E-wydania;0;K;2;0,04260501
Rzeczpospolita;RZECZP;Druk i E-wydania;0;K;3;0,08604242
Rzeczpospolita;RZECZP;Druk i E-wydania;0;K;4;0,121569718
Rzeczpospolita;RZECZP;Druk i E-wydania;0;K;5;0,07266159
Rzeczpospolita;RZECZP;Druk i E-wydania;0;M;1;0,004331617
Rzeczpospolita;RZECZP;Druk i E-wydania;0;M;2;0,167543637
Rzeczpospolita;RZECZP;Druk i E-wydania;0;M;3;0,14681225
Rzeczpospolita;RZECZP;Druk i E-wydania;0;M;4;0,176408697
Rzeczpospolita;RZECZP;Druk i E-wydania;0;M;5;0,160368811
Rzeczpospolita;RZECZP;Druk i E-wydania;1;;;0,59
Rzeczpospolita;RZECZP;Druk i E-wydania;2;;;0,91
Rzeczpospolita;RZECZP;Druk i E-wydania;3;;;0,48
Rzeczpospolita;RZECZP;Druk i E-wydania;4;;;0,29
Rzeczpospolita;;www;0;K;1;0,051150223
Rzeczpospolita;;www;0;K;2;0,08539069
Rzeczpospolita;;www;0;K;3;0,113797896
Rzeczpospolita;;www;0;K;4;0,154139313
Rzeczpospolita;;www;0;K;5;0,135903389
Rzeczpospolita;;www;0;M;1;0,047331005
Rzeczpospolita;;www;0;M;2;0,09411048
Rzeczpospolita;;www;0;M;3;0,124791388
Rzeczpospolita;;www;0;M;4;0,107377482
Rzeczpospolita;;www;0;M;5;0,086008135
Rzeczpospolita;RZECZP;www;1;;;0,51
Rzeczpospolita;RZECZP;www;2;;;0,83
Rzeczpospolita;RZECZP;www;3;;;0,4
Rzeczpospolita;RZECZP;www;4;;;0,27
Show;SHOW;Druk i E-wydania;0;K;1;0,173440985
Show;SHOW;Druk i E-wydania;0;K;2;0,174290237
Show;SHOW;Druk i E-wydania;0;K;3;0,243695627
Show;SHOW;Druk i E-wydania;0;K;4;0,13883266
Show;SHOW;Druk i E-wydania;0;K;5;0,054417151
Show;SHOW;Druk i E-wydania;0;M;1;0,029663374
Show;SHOW;Druk i E-wydania;0;M;2;0,055032544
Show;SHOW;Druk i E-wydania;0;M;3;0,067545536
Show;SHOW;Druk i E-wydania;0;M;4;0,040284993
Show;SHOW;Druk i E-wydania;0;M;5;0,022796891
Show;SHOW;Druk i E-wydania;1;;;0,57
Show;SHOW;Druk i E-wydania;2;;;0,78
Show;SHOW;Druk i E-wydania;3;;;0,41
Show;SHOW;Druk i E-wydania;4;;;0,29
Show;SHOW;www;1;;;0,46
Show;SHOW;www;2;;;0,78
Show;SHOW;www;3;;;0,35
Show;SHOW;www;4;;;0,26
Sieci;WSIECI;Druk i E-wydania;0;K;1;0,029545902
Sieci;WSIECI;Druk i E-wydania;0;K;2;0,026700435
Sieci;WSIECI;Druk i E-wydania;0;K;3;0,087200806
Sieci;WSIECI;Druk i E-wydania;0;K;4;0,090569035
Sieci;WSIECI;Druk i E-wydania;0;K;5;0,145761588
Sieci;WSIECI;Druk i E-wydania;0;M;1;0,007419837
Sieci;WSIECI;Druk i E-wydania;0;M;2;0,068712528
Sieci;WSIECI;Druk i E-wydania;0;M;3;0,086279754
Sieci;WSIECI;Druk i E-wydania;0;M;4;0,256079466
Sieci;WSIECI;Druk i E-wydania;0;M;5;0,20173065
Sieci;WSIECI;Druk i E-wydania;1;;;0,62
Sieci;WSIECI;Druk i E-wydania;2;;;0,85
Sieci;WSIECI;Druk i E-wydania;3;;;0,46
Sieci;WSIECI;Druk i E-wydania;4;;;0,28
Sieci;;www;0;K;1;0,023743945
Sieci;;www;0;K;2;0,036211065
Sieci;;www;0;K;3;0,065786481
Sieci;;www;0;K;4;0,154333475
Sieci;;www;0;K;5;0,193600217
Sieci;;www;0;M;1;0,024610009
Sieci;;www;0;M;2;0,072282206
Sieci;;www;0;M;3;0,129610835
Sieci;;www;0;M;4;0,164438562
Sieci;;www;0;M;5;0,135383205
Sieci;WSIECI;www;1;;;0,56
Sieci;WSIECI;www;2;;;0,82
Sieci;WSIECI;www;3;;;0,42
Sieci;WSIECI;www;4;;;0,27
Sukcesy i Porażki;SUKPOR;Druk i E-wydania;0;K;1;0,016611879
Sukcesy i Porażki;SUKPOR;Druk i E-wydania;0;K;2;0,059843196
Sukcesy i Porażki;SUKPOR;Druk i E-wydania;0;K;3;0,191793412
Sukcesy i Porażki;SUKPOR;Druk i E-wydania;0;K;4;0,247044334
Sukcesy i Porażki;SUKPOR;Druk i E-wydania;0;K;5;0,34503444
Sukcesy i Porażki;SUKPOR;Druk i E-wydania;0;M;1;0
Sukcesy i Porażki;SUKPOR;Druk i E-wydania;0;M;2;0,055501158
Sukcesy i Porażki;SUKPOR;Druk i E-wydania;0;M;3;0,036177469
Sukcesy i Porażki;SUKPOR;Druk i E-wydania;0;M;4;0,030936439
Sukcesy i Porażki;SUKPOR;Druk i E-wydania;0;M;5;0,017057674
Sukcesy i Porażki;SUKPOR;Druk i E-wydania;1;;;0,37
Sukcesy i Porażki;SUKPOR;Druk i E-wydania;2;;;0,63
Sukcesy i Porażki;SUKPOR;Druk i E-wydania;3;;;0,27
Sukcesy i Porażki;SUKPOR;Druk i E-wydania;4;;;0,3
Sukcesy i Porażki;SUKPOR;www;1;;;0,46
Sukcesy i Porażki;SUKPOR;www;2;;;0,78
Sukcesy i Porażki;SUKPOR;www;3;;;0,35
Sukcesy i Porażki;SUKPOR;www;4;;;0,26
Super Express;SUPEX;Druk i E-wydania;0;K;1;0,025595982
Super Express;SUPEX;Druk i E-wydania;0;K;2;0,070775244
Super Express;SUPEX;Druk i E-wydania;0;K;3;0,101230869
Super Express;SUPEX;Druk i E-wydania;0;K;4;0,138597609
Super Express;SUPEX;Druk i E-wydania;0;K;5;0,138330471
Super Express;SUPEX;Druk i E-wydania;0;M;1;0,008443259
Super Express;SUPEX;Druk i E-wydania;0;M;2;0,060595282
Super Express;SUPEX;Druk i E-wydania;0;M;3;0,125238803
Super Express;SUPEX;Druk i E-wydania;0;M;4;0,168477787
Super Express;SUPEX;Druk i E-wydania;0;M;5;0,162714696
Super Express;SUPEX;Druk i E-wydania;1;;;0,42
Super Express;SUPEX;Druk i E-wydania;2;;;0,79
Super Express;SUPEX;Druk i E-wydania;3;;;0,32
Super Express;SUPEX;Druk i E-wydania;4;;;0,25
Super Express;;www;0;K;1;0,060219019
Super Express;;www;0;K;2;0,101180709
Super Express;;www;0;K;3;0,130979635
Super Express;;www;0;K;4;0,164338766
Super Express;;www;0;K;5;0,133475019
Super Express;;www;0;M;1;0,047780329
Super Express;;www;0;M;2;0,081899609
Super Express;;www;0;M;3;0,107644099
Super Express;;www;0;M;4;0,091930927
Super Express;;www;0;M;5;0,080551889
Super Express;SUPEX;www;1;;;0,45
Super Express;SUPEX;www;2;;;0,78
Super Express;SUPEX;www;3;;;0,34
Super Express;SUPEX;www;4;;;0,26
Super TV;SUPERD;Druk i E-wydania;0;K;1;0,031370951
Super TV;SUPERD;Druk i E-wydania;0;K;2;0,100454244
Super TV;SUPERD;Druk i E-wydania;0;K;3;0,131314531
Super TV;SUPERD;Druk i E-wydania;0;K;4;0,123277724
Super TV;SUPERD;Druk i E-wydania;0;K;5;0,16299484
Super TV;SUPERD;Druk i E-wydania;0;M;1;0,020493082
Super TV;SUPERD;Druk i E-wydania;0;M;2;0,041453463
Super TV;SUPERD;Druk i E-wydania;0;M;3;0,178942968
Super TV;SUPERD;Druk i E-wydania;0;M;4;0,124821468
Super TV;SUPERD;Druk i E-wydania;0;M;5;0,084876731
Super TV;SUPERD;Druk i E-wydania;1;;;0,39
Super TV;SUPERD;Druk i E-wydania;2;;;0,77
Super TV;SUPERD;Druk i E-wydania;3;;;0,31
Super TV;SUPERD;Druk i E-wydania;4;;;0,34
Super TV;SUPERD;www;1;;;0,46
Super TV;SUPERD;www;2;;;0,78
Super TV;SUPERD;www;3;;;0,35
Super TV;SUPERD;www;4;;;0,26
Świat & Ludzie;SWILU;Druk i E-wydania;0;K;1;0,059902999
Świat & Ludzie;SWILU;Druk i E-wydania;0;K;2;0,095154632
Świat & Ludzie;SWILU;Druk i E-wydania;0;K;3;0,157581179
Świat & Ludzie;SWILU;Druk i E-wydania;0;K;4;0,114096257
Świat & Ludzie;SWILU;Druk i E-wydania;0;K;5;0,305431389
Świat & Ludzie;SWILU;Druk i E-wydania;0;M;1;0,005783752
Świat & Ludzie;SWILU;Druk i E-wydania;0;M;2;0,016638961
Świat & Ludzie;SWILU;Druk i E-wydania;0;M;3;0,071142719
Świat & Ludzie;SWILU;Druk i E-wydania;0;M;4;0,093966399
Świat & Ludzie;SWILU;Druk i E-wydania;0;M;5;0,080301713
Świat & Ludzie;SWILU;Druk i E-wydania;1;;;0,38
Świat & Ludzie;SWILU;Druk i E-wydania;2;;;0,75
Świat & Ludzie;SWILU;Druk i E-wydania;3;;;0,34
Świat & Ludzie;SWILU;Druk i E-wydania;4;;;0,32
Świat & Ludzie;SWILU;www;1;;;0,46
Świat & Ludzie;SWILU;www;2;;;0,78
Świat & Ludzie;SWILU;www;3;;;0,35
Świat & Ludzie;SWILU;www;4;;;0,26
Świat Kobiety;SKOBIE;Druk i E-wydania;0;K;1;0,019982749
Świat Kobiety;SKOBIE;Druk i E-wydania;0;K;2;0,128812573
Świat Kobiety;SKOBIE;Druk i E-wydania;0;K;3;0,252218701
Świat Kobiety;SKOBIE;Druk i E-wydania;0;K;4;0,226093411
Świat Kobiety;SKOBIE;Druk i E-wydania;0;K;5;0,224252171
Świat Kobiety;SKOBIE;Druk i E-wydania;0;M;1;0,003710125
Świat Kobiety;SKOBIE;Druk i E-wydania;0;M;2;0,023533479
Świat Kobiety;SKOBIE;Druk i E-wydania;0;M;3;0,026105744
Świat Kobiety;SKOBIE;Druk i E-wydania;0;M;4;0,073890044
Świat Kobiety;SKOBIE;Druk i E-wydania;0;M;5;0,021401003
Świat Kobiety;SKOBIE;Druk i E-wydania;1;;;0,42
Świat Kobiety;SKOBIE;Druk i E-wydania;2;;;0,77
Świat Kobiety;SKOBIE;Druk i E-wydania;3;;;0,38
Świat Kobiety;SKOBIE;Druk i E-wydania;4;;;0,37
Świat Kobiety;;www;0;K;1;0,041472908
Świat Kobiety;;www;0;K;2;0,094833546
Świat Kobiety;;www;0;K;3;0,194429257
Świat Kobiety;;www;0;K;4;0,277102606
Świat Kobiety;;www;0;K;5;0,250704391
Świat Kobiety;;www;0;M;1;0,010588436
Świat Kobiety;;www;0;M;2;0,023159041
Świat Kobiety;;www;0;M;3;0,045590384
Świat Kobiety;;www;0;M;4;0,033960666
Świat Kobiety;;www;0;M;5;0,028158766
Świat Kobiety;SKOBIE;www;1;;;0,44
Świat Kobiety;SKOBIE;www;2;;;0,77
Świat Kobiety;SKOBIE;www;3;;;0,36
Świat Kobiety;SKOBIE;www;4;;;0,31
Świat Seriali;SWISER;Druk i E-wydania;0;K;1;0,0631999
Świat Seriali;SWISER;Druk i E-wydania;0;K;2;0,13542537
Świat Seriali;SWISER;Druk i E-wydania;0;K;3;0,233506586
Świat Seriali;SWISER;Druk i E-wydania;0;K;4;0,16268117
Świat Seriali;SWISER;Druk i E-wydania;0;K;5;0,168150006
Świat Seriali;SWISER;Druk i E-wydania;0;M;1;0,015280727
Świat Seriali;SWISER;Druk i E-wydania;0;M;2;0,070409379
Świat Seriali;SWISER;Druk i E-wydania;0;M;3;0,063166459
Świat Seriali;SWISER;Druk i E-wydania;0;M;4;0,06380237
Świat Seriali;SWISER;Druk i E-wydania;0;M;5;0,024378032
Świat Seriali;SWISER;Druk i E-wydania;1;;;0,35
Świat Seriali;SWISER;Druk i E-wydania;2;;;0,76
Świat Seriali;SWISER;Druk i E-wydania;3;;;0,27
Świat Seriali;SWISER;Druk i E-wydania;4;;;0,37
Świat Seriali;SWISER;www;1;;;0,46
Świat Seriali;SWISER;www;2;;;0,78
Świat Seriali;SWISER;www;3;;;0,35
Świat Seriali;SWISER;www;4;;;0,26
Świat Wiedzy;SWWIED;Druk i E-wydania;0;K;1;0,042850925
Świat Wiedzy;SWWIED;Druk i E-wydania;0;K;2;0,061389817
Świat Wiedzy;SWWIED;Druk i E-wydania;0;K;3;0,085634793
Świat Wiedzy;SWWIED;Druk i E-wydania;0;K;4;0,107265719
Świat Wiedzy;SWWIED;Druk i E-wydania;0;K;5;0,079012234
Świat Wiedzy;SWWIED;Druk i E-wydania;0;M;1;0,029354191
Świat Wiedzy;SWWIED;Druk i E-wydania;0;M;2;0,127034751
Świat Wiedzy;SWWIED;Druk i E-wydania;0;M;3;0,168988457
Świat Wiedzy;SWWIED;Druk i E-wydania;0;M;4;0,208641978
Świat Wiedzy;SWWIED;Druk i E-wydania;0;M;5;0,089827137
Świat Wiedzy;SWWIED;Druk i E-wydania;1;;;0,52
Świat Wiedzy;SWWIED;Druk i E-wydania;2;;;0,81
Świat Wiedzy;SWWIED;Druk i E-wydania;3;;;0,37
Świat Wiedzy;SWWIED;Druk i E-wydania;4;;;0,29
Świat Wiedzy;SWWIED;www;1;;;0,52
Świat Wiedzy;SWWIED;www;2;;;0,81
Świat Wiedzy;SWWIED;www;3;;;0,37
Świat Wiedzy;SWWIED;www;4;;;0,29
Tele Magazyn;TEMAGA;Druk i E-wydania;0;K;1;0,044935283
Tele Magazyn;TEMAGA;Druk i E-wydania;0;K;2;0,108969284
Tele Magazyn;TEMAGA;Druk i E-wydania;0;K;3;0,051269122
Tele Magazyn;TEMAGA;Druk i E-wydania;0;K;4;0,110601656
Tele Magazyn;TEMAGA;Druk i E-wydania;0;K;5;0,128794053
Tele Magazyn;TEMAGA;Druk i E-wydania;0;M;1;0,018334513
Tele Magazyn;TEMAGA;Druk i E-wydania;0;M;2;0,093037399
Tele Magazyn;TEMAGA;Druk i E-wydania;0;M;3;0,164399087
Tele Magazyn;TEMAGA;Druk i E-wydania;0;M;4;0,136959857
Tele Magazyn;TEMAGA;Druk i E-wydania;0;M;5;0,142699747
Tele Magazyn;TEMAGA;Druk i E-wydania;1;;;0,36
Tele Magazyn;TEMAGA;Druk i E-wydania;2;;;0,74
Tele Magazyn;TEMAGA;Druk i E-wydania;3;;;0,28
Tele Magazyn;TEMAGA;Druk i E-wydania;4;;;0,25
Tele Magazyn;;www;0;K;1;0,043598814
Tele Magazyn;;www;0;K;2;0,09556268
Tele Magazyn;;www;0;K;3;0,133999684
Tele Magazyn;;www;0;K;4;0,179667674
Tele Magazyn;;www;0;K;5;0,186214116
Tele Magazyn;;www;0;M;1;0,034291103
Tele Magazyn;;www;0;M;2;0,070266203
Tele Magazyn;;www;0;M;3;0,100381793
Tele Magazyn;;www;0;M;4;0,084862259
Tele Magazyn;;www;0;M;5;0,071155676
Tele Magazyn;TEMAGA;www;1;;;0,44
Tele Magazyn;TEMAGA;www;2;;;0,77
Tele Magazyn;TEMAGA;www;3;;;0,33
Tele Magazyn;TEMAGA;www;4;;;0,26
Tele Max;TELMAD;Druk i E-wydania;0;K;1;0,082618333
Tele Max;TELMAD;Druk i E-wydania;0;K;2;0,061483312
Tele Max;TELMAD;Druk i E-wydania;0;K;3;0,15381996
Tele Max;TELMAD;Druk i E-wydania;0;K;4;0,144863485
Tele Max;TELMAD;Druk i E-wydania;0;K;5;0,174047095
Tele Max;TELMAD;Druk i E-wydania;0;M;1;0,0334515
Tele Max;TELMAD;Druk i E-wydania;0;M;2;0,081161194
Tele Max;TELMAD;Druk i E-wydania;0;M;3;0,086217977
Tele Max;TELMAD;Druk i E-wydania;0;M;4;0,086382753
Tele Max;TELMAD;Druk i E-wydania;0;M;5;0,095954391
Tele Max;TELMAD;Druk i E-wydania;1;;;0,39
Tele Max;TELMAD;Druk i E-wydania;2;;;0,7
Tele Max;TELMAD;Druk i E-wydania;3;;;0,3
Tele Max;TELMAD;Druk i E-wydania;4;;;0,3
Tele Max;TELMAD;www;1;;;0,46
Tele Max;TELMAD;www;2;;;0,78
Tele Max;TELMAD;www;3;;;0,35
Tele Max;TELMAD;www;4;;;0,26
Tele Świat;TELES2;Druk i E-wydania;0;K;1;0,084274234
Tele Świat;TELES2;Druk i E-wydania;0;K;2;0,041223228
Tele Świat;TELES2;Druk i E-wydania;0;K;3;0,105336905
Tele Świat;TELES2;Druk i E-wydania;0;K;4;0,163847796
Tele Świat;TELES2;Druk i E-wydania;0;K;5;0,152598962
Tele Świat;TELES2;Druk i E-wydania;0;M;1;0,025084988
Tele Świat;TELES2;Druk i E-wydania;0;M;2;0,032235927
Tele Świat;TELES2;Druk i E-wydania;0;M;3;0,108532813
Tele Świat;TELES2;Druk i E-wydania;0;M;4;0,12573915
Tele Świat;TELES2;Druk i E-wydania;0;M;5;0,161125997
Tele Świat;TELES2;Druk i E-wydania;1;;;0,31
Tele Świat;TELES2;Druk i E-wydania;2;;;0,72
Tele Świat;TELES2;Druk i E-wydania;3;;;0,29
Tele Świat;TELES2;Druk i E-wydania;4;;;0,22
Tele Świat;TELES2;www;1;;;0,46
Tele Świat;TELES2;www;2;;;0,78
Tele Świat;TELES2;www;3;;;0,35
Tele Świat;TELES2;www;4;;;0,26
Tele Tydzień;TELTYD;Druk i E-wydania;0;K;1;0,049634853
Tele Tydzień;TELTYD;Druk i E-wydania;0;K;2;0,085778156
Tele Tydzień;TELTYD;Druk i E-wydania;0;K;3;0,133297797
Tele Tydzień;TELTYD;Druk i E-wydania;0;K;4;0,170648098
Tele Tydzień;TELTYD;Druk i E-wydania;0;K;5;0,187191215
Tele Tydzień;TELTYD;Druk i E-wydania;0;M;1;0,01355509
Tele Tydzień;TELTYD;Druk i E-wydania;0;M;2;0,057218813
Tele Tydzień;TELTYD;Druk i E-wydania;0;M;3;0,076161588
Tele Tydzień;TELTYD;Druk i E-wydania;0;M;4;0,11522569
Tele Tydzień;TELTYD;Druk i E-wydania;0;M;5;0,1112887
Tele Tydzień;TELTYD;Druk i E-wydania;1;;;0,41
Tele Tydzień;TELTYD;Druk i E-wydania;2;;;0,74
Tele Tydzień;TELTYD;Druk i E-wydania;3;;;0,31
Tele Tydzień;TELTYD;Druk i E-wydania;4;;;0,26
Tele Tydzień;;www;0;K;1;0,041745062
Tele Tydzień;;www;0;K;2;0,094091949
Tele Tydzień;;www;0;K;3;0,195705146
Tele Tydzień;;www;0;K;4;0,274935666
Tele Tydzień;;www;0;K;5;0,252349571
Tele Tydzień;;www;0;M;1;0,010505634
Tele Tydzień;;www;0;M;2;0,023311016
Tele Tydzień;;www;0;M;3;0,045233867
Tele Tydzień;;www;0;M;4;0,034183524
Tele Tydzień;;www;0;M;5;0,027938566
Tele Tydzień;TELTYD;www;1;;;0,43
Tele Tydzień;TELTYD;www;2;;;0,75
Tele Tydzień;TELTYD;www;3;;;0,32
Tele Tydzień;TELTYD;www;4;;;0,26
Tina;TINA2;Druk i E-wydania;0;K;1;0,036002095
Tina;TINA2;Druk i E-wydania;0;K;2;0,057835359
Tina;TINA2;Druk i E-wydania;0;K;3;0,160635614
Tina;TINA2;Druk i E-wydania;0;K;4;0,305032792
Tina;TINA2;Druk i E-wydania;0;K;5;0,29289483
Tina;TINA2;Druk i E-wydania;0;M;1;0,008355869
Tina;TINA2;Druk i E-wydania;0;M;2;0,014878294
Tina;TINA2;Druk i E-wydania;0;M;3;0,009696799
Tina;TINA2;Druk i E-wydania;0;M;4;0,080319349
Tina;TINA2;Druk i E-wydania;0;M;5;0,034348998
Tina;TINA2;Druk i E-wydania;1;;;0,34
Tina;TINA2;Druk i E-wydania;2;;;0,68
Tina;TINA2;Druk i E-wydania;3;;;0,33
Tina;TINA2;Druk i E-wydania;4;;;0,22
Tina;;www;0;K;1;0,041472908
Tina;;www;0;K;2;0,094833546
Tina;;www;0;K;3;0,194429257
Tina;;www;0;K;4;0,277102606
Tina;;www;0;K;5;0,250704391
Tina;;www;0;M;1;0,010588436
Tina;;www;0;M;2;0,023159041
Tina;;www;0;M;3;0,045590384
Tina;;www;0;M;4;0,033960666
Tina;;www;0;M;5;0,028158766
Tina;TINA2;www;1;;;0,41
Tina;TINA2;www;2;;;0,74
Tina;TINA2;www;3;;;0,34
Tina;TINA2;www;4;;;0,24
To & Owo;TOIOWO;Druk i E-wydania;0;K;1;0,030386762
To & Owo;TOIOWO;Druk i E-wydania;0;K;2;0,074827875
To & Owo;TOIOWO;Druk i E-wydania;0;K;3;0,086291237
To & Owo;TOIOWO;Druk i E-wydania;0;K;4;0,110583928
To & Owo;TOIOWO;Druk i E-wydania;0;K;5;0,145695555
To & Owo;TOIOWO;Druk i E-wydania;0;M;1;0,001856187
To & Owo;TOIOWO;Druk i E-wydania;0;M;2;0,031539738
To & Owo;TOIOWO;Druk i E-wydania;0;M;3;0,131402496
To & Owo;TOIOWO;Druk i E-wydania;0;M;4;0,180370677
To & Owo;TOIOWO;Druk i E-wydania;0;M;5;0,207045544
To & Owo;TOIOWO;Druk i E-wydania;1;;;0,45
To & Owo;TOIOWO;Druk i E-wydania;2;;;0,77
To & Owo;TOIOWO;Druk i E-wydania;3;;;0,37
To & Owo;TOIOWO;Druk i E-wydania;4;;;0,22
To & Owo;TOIOWO;www;1;;;0,46
To & Owo;TOIOWO;www;2;;;0,78
To & Owo;TOIOWO;www;3;;;0,35
To & Owo;TOIOWO;www;4;;;0,26
TV14;TV14;Druk i E-wydania;0;K;1;0,038234309
TV14;TV14;Druk i E-wydania;0;K;2;0,08390223
TV14;TV14;Druk i E-wydania;0;K;3;0,12997502
TV14;TV14;Druk i E-wydania;0;K;4;0,150305661
TV14;TV14;Druk i E-wydania;0;K;5;0,167599995
TV14;TV14;Druk i E-wydania;0;M;1;0,01508573
TV14;TV14;Druk i E-wydania;0;M;2;0,078480499
TV14;TV14;Druk i E-wydania;0;M;3;0,108966237
TV14;TV14;Druk i E-wydania;0;M;4;0,101912192
TV14;TV14;Druk i E-wydania;0;M;5;0,125538128
TV14;TV14;Druk i E-wydania;1;;;0,27
TV14;TV14;Druk i E-wydania;2;;;0,71
TV14;TV14;Druk i E-wydania;3;;;0,26
TV14;TV14;Druk i E-wydania;4;;;0,29
TV14;TV14;www;1;;;0,46
TV14;TV14;www;2;;;0,78
TV14;TV14;www;3;;;0,35
TV14;TV14;www;4;;;0,26
Twoje Imperium;IMPER;Druk i E-wydania;0;K;1;0,041266997
Twoje Imperium;IMPER;Druk i E-wydania;0;K;2;0,070908726
Twoje Imperium;IMPER;Druk i E-wydania;0;K;3;0,134234811
Twoje Imperium;IMPER;Druk i E-wydania;0;K;4;0,138952792
Twoje Imperium;IMPER;Druk i E-wydania;0;K;5;0,304866621
Twoje Imperium;IMPER;Druk i E-wydania;0;M;1;0,013476642
Twoje Imperium;IMPER;Druk i E-wydania;0;M;2;0,032019327
Twoje Imperium;IMPER;Druk i E-wydania;0;M;3;0,050809772
Twoje Imperium;IMPER;Druk i E-wydania;0;M;4;0,120780654
Twoje Imperium;IMPER;Druk i E-wydania;0;M;5;0,092683658
Twoje Imperium;IMPER;Druk i E-wydania;1;;;0,35
Twoje Imperium;IMPER;Druk i E-wydania;2;;;0,71
Twoje Imperium;IMPER;Druk i E-wydania;3;;;0,39
Twoje Imperium;IMPER;Druk i E-wydania;4;;;0,24
Twoje Imperium;IMPER;www;1;;;0,46
Twoje Imperium;IMPER;www;2;;;0,78
Twoje Imperium;IMPER;www;3;;;0,35
Twoje Imperium;IMPER;www;4;;;0,26
Twój Styl;TWOJST;Druk i E-wydania;0;K;1;0,062564363
Twój Styl;TWOJST;Druk i E-wydania;0;K;2;0,162973963
Twój Styl;TWOJST;Druk i E-wydania;0;K;3;0,183081156
Twój Styl;TWOJST;Druk i E-wydania;0;K;4;0,270843453
Twój Styl;TWOJST;Druk i E-wydania;0;K;5;0,191418344
Twój Styl;TWOJST;Druk i E-wydania;0;M;1;0,021736517
Twój Styl;TWOJST;Druk i E-wydania;0;M;2;0,026589787
Twój Styl;TWOJST;Druk i E-wydania;0;M;3;0,037151275
Twój Styl;TWOJST;Druk i E-wydania;0;M;4;0,021520563
Twój Styl;TWOJST;Druk i E-wydania;0;M;5;0,022120579
Twój Styl;TWOJST;Druk i E-wydania;1;;;0,53
Twój Styl;TWOJST;Druk i E-wydania;2;;;0,82
Twój Styl;TWOJST;Druk i E-wydania;3;;;0,47
Twój Styl;TWOJST;Druk i E-wydania;4;;;0,28
Twój Styl;;www;0;K;1;0,072016917
Twój Styl;;www;0;K;2;0,11747769
Twój Styl;;www;0;K;3;0,158341035
Twój Styl;;www;0;K;4;0,23160256
Twój Styl;;www;0;K;5;0,212443895
Twój Styl;;www;0;M;1;0,031142549
Twój Styl;;www;0;M;2;0,034866287
Twój Styl;;www;0;M;3;0,042748468
Twój Styl;;www;0;M;4;0,047069487
Twój Styl;;www;0;M;5;0,052291112
Twój Styl;TWOJST;www;1;;;0,53
Twój Styl;TWOJST;www;2;;;0,82
Twój Styl;TWOJST;www;3;;;0,47
Twój Styl;TWOJST;www;4;;;0,28
Tygodnik Angora;ANGORA;Druk i E-wydania;0;K;1;0,024535582
Tygodnik Angora;ANGORA;Druk i E-wydania;0;K;2;0,049467936
Tygodnik Angora;ANGORA;Druk i E-wydania;0;K;3;0,086504149
Tygodnik Angora;ANGORA;Druk i E-wydania;0;K;4;0,100489607
Tygodnik Angora;ANGORA;Druk i E-wydania;0;K;5;0,173043527
Tygodnik Angora;ANGORA;Druk i E-wydania;0;M;1;0,008677471
Tygodnik Angora;ANGORA;Druk i E-wydania;0;M;2;0,063633241
Tygodnik Angora;ANGORA;Druk i E-wydania;0;M;3;0,09990742
Tygodnik Angora;ANGORA;Druk i E-wydania;0;M;4;0,186999937
Tygodnik Angora;ANGORA;Druk i E-wydania;0;M;5;0,20674113
Tygodnik Angora;ANGORA;Druk i E-wydania;1;;;0,49
Tygodnik Angora;ANGORA;Druk i E-wydania;2;;;0,85
Tygodnik Angora;ANGORA;Druk i E-wydania;3;;;0,4
Tygodnik Angora;ANGORA;Druk i E-wydania;4;;;0,19
Tygodnik Angora;;www;0;K;1;0
Tygodnik Angora;;www;0;K;2;0
Tygodnik Angora;;www;0;K;3;0
Tygodnik Angora;;www;0;K;4;0,086206897
Tygodnik Angora;;www;0;K;5;0,103448276
Tygodnik Angora;;www;0;M;1;0,086206897
Tygodnik Angora;;www;0;M;2;0,310344827
Tygodnik Angora;;www;0;M;3;0
Tygodnik Angora;;www;0;M;4;0,086206897
Tygodnik Angora;;www;0;M;5;0,327586206
Tygodnik Angora;ANGORA;www;1;;;0,49
Tygodnik Angora;ANGORA;www;2;;;0,85
Tygodnik Angora;ANGORA;www;3;;;0,4
Tygodnik Angora;ANGORA;www;4;;;0,19
Viva;VIVA__;Druk i E-wydania;0;K;1;0,075419569
Viva;VIVA__;Druk i E-wydania;0;K;2;0,157513349
Viva;VIVA__;Druk i E-wydania;0;K;3;0,201391482
Viva;VIVA__;Druk i E-wydania;0;K;4;0,178704269
Viva;VIVA__;Druk i E-wydania;0;K;5;0,14077297
Viva;VIVA__;Druk i E-wydania;0;M;1;0,004401637
Viva;VIVA__;Druk i E-wydania;0;M;2;0,053069952
Viva;VIVA__;Druk i E-wydania;0;M;3;0,076848768
Viva;VIVA__;Druk i E-wydania;0;M;4;0,079897798
Viva;VIVA__;Druk i E-wydania;0;M;5;0,031980206
Viva;VIVA__;Druk i E-wydania;1;;;0,54
Viva;VIVA__;Druk i E-wydania;2;;;0,84
Viva;VIVA__;Druk i E-wydania;3;;;0,45
Viva;VIVA__;Druk i E-wydania;4;;;0,31
Viva;;www;0;K;1;0,027906987
Viva;;www;0;K;2;0,074330621
Viva;;www;0;K;3;0,127255169
Viva;;www;0;K;4;0,227533995
Viva;;www;0;K;5;0,243930312
Viva;;www;0;M;1;0,016672289
Viva;;www;0;M;2;0,03819216
Viva;;www;0;M;3;0,070572232
Viva;;www;0;M;4;0,090814783
Viva;;www;0;M;5;0,082791452
Viva;VIVA__;www;1;;;0,49
Viva;VIVA__;www;2;;;0,8
Viva;VIVA__;www;3;;;0,38
Viva;VIVA__;www;4;;;0,27
Wysokie Obcasy Extra;WYOBCA;Druk i E-wydania;0;K;1;0,022667464
Wysokie Obcasy Extra;WYOBCA;Druk i E-wydania;0;K;2;0,073394321
Wysokie Obcasy Extra;WYOBCA;Druk i E-wydania;0;K;3;0,112724603
Wysokie Obcasy Extra;WYOBCA;Druk i E-wydania;0;K;4;0,26981573
Wysokie Obcasy Extra;WYOBCA;Druk i E-wydania;0;K;5;0,135459076
Wysokie Obcasy Extra;WYOBCA;Druk i E-wydania;0;M;1;0
Wysokie Obcasy Extra;WYOBCA;Druk i E-wydania;0;M;2;0,031855228
Wysokie Obcasy Extra;WYOBCA;Druk i E-wydania;0;M;3;0,057861278
Wysokie Obcasy Extra;WYOBCA;Druk i E-wydania;0;M;4;0,157404406
Wysokie Obcasy Extra;WYOBCA;Druk i E-wydania;0;M;5;0,138817894
Wysokie Obcasy Extra;WYOBCA;Druk i E-wydania;1;;;0,58
Wysokie Obcasy Extra;WYOBCA;Druk i E-wydania;2;;;0,84
Wysokie Obcasy Extra;WYOBCA;Druk i E-wydania;3;;;0,6
Wysokie Obcasy Extra;WYOBCA;Druk i E-wydania;4;;;0,25
Wysokie Obcasy Extra;;www;0;K;1;0,033955737
Wysokie Obcasy Extra;;www;0;K;2;0,104815405
Wysokie Obcasy Extra;;www;0;K;3;0,167663061
Wysokie Obcasy Extra;;www;0;K;4;0,206825201
Wysokie Obcasy Extra;;www;0;K;5;0,189586196
Wysokie Obcasy Extra;;www;0;M;1;0,018903818
Wysokie Obcasy Extra;;www;0;M;2;0,047469274
Wysokie Obcasy Extra;;www;0;M;3;0,076786545
Wysokie Obcasy Extra;;www;0;M;4;0,085788481
Wysokie Obcasy Extra;;www;0;M;5;0,068206282
Wysokie Obcasy Extra;WYOBCA;www;1;;;0,57
Wysokie Obcasy Extra;WYOBCA;www;2;;;0,83
Wysokie Obcasy Extra;WYOBCA;www;3;;;0,57
Wysokie Obcasy Extra;WYOBCA;www;4;;;0,25
Wysokie Obcasy (Gazeta Wyborcza);WYOBCA;Druk i E-wydania;0;K;1;0,022667464
Wysokie Obcasy (Gazeta Wyborcza);WYOBCA;Druk i E-wydania;0;K;2;0,073394321
Wysokie Obcasy (Gazeta Wyborcza);WYOBCA;Druk i E-wydania;0;K;3;0,112724603
Wysokie Obcasy (Gazeta Wyborcza);WYOBCA;Druk i E-wydania;0;K;4;0,26981573
Wysokie Obcasy (Gazeta Wyborcza);WYOBCA;Druk i E-wydania;0;K;5;0,135459076
Wysokie Obcasy (Gazeta Wyborcza);WYOBCA;Druk i E-wydania;0;M;1;0
Wysokie Obcasy (Gazeta Wyborcza);WYOBCA;Druk i E-wydania;0;M;2;0,031855228
Wysokie Obcasy (Gazeta Wyborcza);WYOBCA;Druk i E-wydania;0;M;3;0,057861278
Wysokie Obcasy (Gazeta Wyborcza);WYOBCA;Druk i E-wydania;0;M;4;0,157404406
Wysokie Obcasy (Gazeta Wyborcza);WYOBCA;Druk i E-wydania;0;M;5;0,138817894
Wysokie Obcasy (Gazeta Wyborcza);WYOBCA;Druk i E-wydania;1;;;0,58
Wysokie Obcasy (Gazeta Wyborcza);WYOBCA;Druk i E-wydania;2;;;0,84
Wysokie Obcasy (Gazeta Wyborcza);WYOBCA;Druk i E-wydania;3;;;0,6
Wysokie Obcasy (Gazeta Wyborcza);WYOBCA;Druk i E-wydania;4;;;0,25
Wysokie Obcasy (Gazeta Wyborcza);;www;0;K;1;0,033955737
Wysokie Obcasy (Gazeta Wyborcza);;www;0;K;2;0,104815405
Wysokie Obcasy (Gazeta Wyborcza);;www;0;K;3;0,167663061
Wysokie Obcasy (Gazeta Wyborcza);;www;0;K;4;0,206825201
Wysokie Obcasy (Gazeta Wyborcza);;www;0;K;5;0,189586196
Wysokie Obcasy (Gazeta Wyborcza);;www;0;M;1;0,018903818
Wysokie Obcasy (Gazeta Wyborcza);;www;0;M;2;0,047469274
Wysokie Obcasy (Gazeta Wyborcza);;www;0;M;3;0,076786545
Wysokie Obcasy (Gazeta Wyborcza);;www;0;M;4;0,085788481
Wysokie Obcasy (Gazeta Wyborcza);;www;0;M;5;0,068206282
Wysokie Obcasy (Gazeta Wyborcza);WYOBCA;www;1;;;0,57
Wysokie Obcasy (Gazeta Wyborcza);WYOBCA;www;2;;;0,83
Wysokie Obcasy (Gazeta Wyborcza);WYOBCA;www;3;;;0,57
Wysokie Obcasy (Gazeta Wyborcza);WYOBCA;www;4;;;0,25
Z Życia Wzięte;ZZYCWZ;Druk i E-wydania;0;K;1;0,014815247
Z Życia Wzięte;ZZYCWZ;Druk i E-wydania;0;K;2;0,087315587
Z Życia Wzięte;ZZYCWZ;Druk i E-wydania;0;K;3;0,114102581
Z Życia Wzięte;ZZYCWZ;Druk i E-wydania;0;K;4;0,231167253
Z Życia Wzięte;ZZYCWZ;Druk i E-wydania;0;K;5;0,38101365
Z Życia Wzięte;ZZYCWZ;Druk i E-wydania;0;M;1;0,009636547
Z Życia Wzięte;ZZYCWZ;Druk i E-wydania;0;M;2;0,02372852
Z Życia Wzięte;ZZYCWZ;Druk i E-wydania;0;M;3;0,029655681
Z Życia Wzięte;ZZYCWZ;Druk i E-wydania;0;M;4;0,065992709
Z Życia Wzięte;ZZYCWZ;Druk i E-wydania;0;M;5;0,042572224
Z Życia Wzięte;ZZYCWZ;Druk i E-wydania;1;;;0,37
Z Życia Wzięte;ZZYCWZ;Druk i E-wydania;2;;;0,68
Z Życia Wzięte;ZZYCWZ;Druk i E-wydania;3;;;0,25
Z Życia Wzięte;ZZYCWZ;Druk i E-wydania;4;;;0,23
Z Życia Wzięte;ZZYCWZ;www;1;;;0,46
Z Życia Wzięte;ZZYCWZ;www;2;;;0,78
Z Życia Wzięte;ZZYCWZ;www;3;;;0,35
Z Życia Wzięte;ZZYCWZ;www;4;;;0,26
Zwierciadło;ZWIERC;Druk i E-wydania;0;K;1;0,058527047
Zwierciadło;ZWIERC;Druk i E-wydania;0;K;2;0,167683806
Zwierciadło;ZWIERC;Druk i E-wydania;0;K;3;0,248765935
Zwierciadło;ZWIERC;Druk i E-wydania;0;K;4;0,239201698
Zwierciadło;ZWIERC;Druk i E-wydania;0;K;5;0,111495509
Zwierciadło;ZWIERC;Druk i E-wydania;0;M;1;0,007963825
Zwierciadło;ZWIERC;Druk i E-wydania;0;M;2;0,015626482
Zwierciadło;ZWIERC;Druk i E-wydania;0;M;3;0,050381438
Zwierciadło;ZWIERC;Druk i E-wydania;0;M;4;0,076274472
Zwierciadło;ZWIERC;Druk i E-wydania;0;M;5;0,024079786
Zwierciadło;ZWIERC;Druk i E-wydania;1;;;0,46
Zwierciadło;ZWIERC;Druk i E-wydania;2;;;0,81
Zwierciadło;ZWIERC;Druk i E-wydania;3;;;0,44
Zwierciadło;ZWIERC;Druk i E-wydania;4;;;0,32
Zwierciadło;;www;0;K;1;0,042267045
Zwierciadło;;www;0;K;2;0,108534356
Zwierciadło;;www;0;K;3;0,21704392
Zwierciadło;;www;0;K;4;0,267736435
Zwierciadło;;www;0;K;5;0,164531465
Zwierciadło;;www;0;M;1;0,016758114
Zwierciadło;;www;0;M;2;0,038184003
Zwierciadło;;www;0;M;3;0,059597517
Zwierciadło;;www;0;M;4;0,0508868
Zwierciadło;;www;0;M;5;0,034460346
Zwierciadło;ZWIERC;www;1;;;0,46
Zwierciadło;ZWIERC;www;2;;;0,81
Zwierciadło;ZWIERC;www;3;;;0,44
Zwierciadło;ZWIERC;www;4;;;0,32
Życie na Gorąco;ZYGOR;Druk i E-wydania;0;K;1;0,021827386
Życie na Gorąco;ZYGOR;Druk i E-wydania;0;K;2;0,056671498
Życie na Gorąco;ZYGOR;Druk i E-wydania;0;K;3;0,145579358
Życie na Gorąco;ZYGOR;Druk i E-wydania;0;K;4;0,202139637
Życie na Gorąco;ZYGOR;Druk i E-wydania;0;K;5;0,35039675
Życie na Gorąco;ZYGOR;Druk i E-wydania;0;M;1;0,002288049
Życie na Gorąco;ZYGOR;Druk i E-wydania;0;M;2;0,041280766
Życie na Gorąco;ZYGOR;Druk i E-wydania;0;M;3;0,050591084
Życie na Gorąco;ZYGOR;Druk i E-wydania;0;M;4;0,058326817
Życie na Gorąco;ZYGOR;Druk i E-wydania;0;M;5;0,070898654
Życie na Gorąco;ZYGOR;Druk i E-wydania;1;;;0,35
Życie na Gorąco;ZYGOR;Druk i E-wydania;2;;;0,7
Życie na Gorąco;ZYGOR;Druk i E-wydania;3;;;0,35
Życie na Gorąco;ZYGOR;Druk i E-wydania;4;;;0,22
Życie na Gorąco;ZYGOR;www;1;;;0,46
Życie na Gorąco;ZYGOR;www;2;;;0,78
Życie na Gorąco;ZYGOR;www;3;;;0,35
Życie na Gorąco;ZYGOR;www;4;;;0,26
